--Name : Postgre Data load Script
--Owner : SRI
--Date cre : 12122023
--Modified date : 
--For more info follow us on instagram

-----------Insert Statement for Subscriber---------------------
insert into subscriber values(1,'MARY SMITH',54321,'MARY.SMITH@sakilacustomer.org','AD_5','2021-01-01','2021-01-01','A','null','PO_1');
insert into subscriber values(2,'PATRICIA JOHNSON',54322,'PATRICIA.JOHNSON@sakilacustomer.org','AD_6','2021-01-01','2021-01-01','A','null','PO_2');
insert into subscriber values(3,'LINDA WILLIAMS',54323,'LINDA.WILLIAMS@sakilacustomer.org','AD_7','2021-01-01','2021-01-01','A','null','PO_3');
insert into subscriber values(4,'BARBARA JONES',54324,'BARBARA.JONES@sakilacustomer.org','AD_8','2021-01-01','2021-01-01','A','null','PO_4');
insert into subscriber values(5,'ELIZABETH BROWN',54325,'ELIZABETH.BROWN@sakilacustomer.org','AD_9','2021-01-01','2021-01-01','A','null','PO_5');
insert into subscriber values(6,'JENNIFER DAVIS',54326,'JENNIFER.DAVIS@sakilacustomer.org','AD_10','2021-01-01','2021-01-01','A','PR_1','null');
insert into subscriber values(7,'MARIA MILLER',54327,'MARIA.MILLER@sakilacustomer.org','AD_11','2021-01-01','2021-01-01','A','PR_2','null');
insert into subscriber values(8,'SUSAN WILSON',54328,'SUSAN.WILSON@sakilacustomer.org','AD_12','2021-01-01','2021-01-01','A','PR_3','null');
insert into subscriber values(9,'MARGARET MOORE',54329,'MARGARET.MOORE@sakilacustomer.org','AD_13','2021-01-01','2021-01-01','A','PR_4','null');
insert into subscriber values(10,'DOROTHY TAYLOR',54330,'DOROTHY.TAYLOR@sakilacustomer.org','AD_14','2021-01-01','2021-01-01','A','PR_5','null');
insert into subscriber values(11,'LISA ANDERSON',54331,'LISA.ANDERSON@sakilacustomer.org','AD_15','2021-01-01','2021-01-01','A','null','null');
insert into subscriber values(12,'NANCY THOMAS',54332,'NANCY.THOMAS@sakilacustomer.org','AD_16','2021-01-01','2021-01-01','A','null','null');
insert into subscriber values(13,'KAREN JACKSON',54333,'KAREN.JACKSON@sakilacustomer.org','AD_17','2021-01-01','2021-01-01','A','null','PO_1');
insert into subscriber values(14,'BETTY WHITE',54334,'BETTY.WHITE@sakilacustomer.org','AD_18','2021-01-01','2021-01-01','A','null','PO_2');
insert into subscriber values(15,'HELEN HARRIS',54335,'HELEN.HARRIS@sakilacustomer.org','AD_19','2021-01-01','2021-01-01','A','null','PO_3');
insert into subscriber values(16,'SANDRA MARTIN',54336,'SANDRA.MARTIN@sakilacustomer.org','AD_20','2021-01-01','2021-01-01','A','null','PO_4');
insert into subscriber values(17,'DONNA THOMPSON',54337,'DONNA.THOMPSON@sakilacustomer.org','AD_21','2021-01-01','2021-01-01','A','null','PO_5');
insert into subscriber values(18,'CAROL GARCIA',54338,'CAROL.GARCIA@sakilacustomer.org','AD_22','2021-01-01','2021-01-01','A','PR_1','null');
insert into subscriber values(19,'RUTH MARTINEZ',54339,'RUTH.MARTINEZ@sakilacustomer.org','AD_23','2021-01-01','2021-01-01','A','PR_2','null');
insert into subscriber values(20,'SHARON ROBINSON',54340,'SHARON.ROBINSON@sakilacustomer.org','AD_24','2021-01-01','2021-01-01','A','PR_3','null');
insert into subscriber values(21,'MICHELLE CLARK',54341,'MICHELLE.CLARK@sakilacustomer.org','AD_25','2021-01-01','2021-01-01','A','PR_4','null');
insert into subscriber values(22,'LAURA RODRIGUEZ',54342,'LAURA.RODRIGUEZ@sakilacustomer.org','AD_26','2021-01-01','2021-01-01','A','PR_5','null');
insert into subscriber values(23,'SARAH LEWIS',54343,'SARAH.LEWIS@sakilacustomer.org','AD_27','2021-01-01','2021-01-01','A','null','null');
insert into subscriber values(24,'KIMBERLY LEE',54344,'KIMBERLY.LEE@sakilacustomer.org','AD_28','2021-01-01','2021-01-01','A','null','null');
insert into subscriber values(25,'DEBORAH WALKER',54345,'DEBORAH.WALKER@sakilacustomer.org','AD_29','2021-01-01','2021-01-01','A','null','PO_1');
insert into subscriber values(26,'JESSICA HALL',54346,'JESSICA.HALL@sakilacustomer.org','AD_30','2021-01-01','2021-01-01','A','null','PO_2');
insert into subscriber values(27,'SHIRLEY ALLEN',54347,'SHIRLEY.ALLEN@sakilacustomer.org','AD_31','2021-01-01','2021-01-01','A','null','PO_3');
insert into subscriber values(28,'CYNTHIA YOUNG',54348,'CYNTHIA.YOUNG@sakilacustomer.org','AD_32','2021-01-01','2021-01-01','A','null','PO_4');
insert into subscriber values(29,'ANGELA HERNANDEZ',54349,'ANGELA.HERNANDEZ@sakilacustomer.org','AD_33','2021-01-01','2021-01-01','A','null','PO_5');
insert into subscriber values(30,'MELISSA KING',54350,'MELISSA.KING@sakilacustomer.org','AD_34','2021-01-01','2021-01-01','A','PR_1','null');
insert into subscriber values(31,'BRENDA WRIGHT',54351,'BRENDA.WRIGHT@sakilacustomer.org','AD_35','2021-01-01','2021-01-01','A','PR_2','null');
insert into subscriber values(32,'AMY LOPEZ',54352,'AMY.LOPEZ@sakilacustomer.org','AD_36','2021-01-01','2021-01-01','A','PR_3','null');
insert into subscriber values(33,'ANNA HILL',54353,'ANNA.HILL@sakilacustomer.org','AD_37','2021-01-01','2021-01-01','A','PR_4','null');
insert into subscriber values(34,'REBECCA SCOTT',54354,'REBECCA.SCOTT@sakilacustomer.org','AD_38','2021-01-01','2021-01-01','A','PR_5','null');
insert into subscriber values(35,'VIRGINIA GREEN',54355,'VIRGINIA.GREEN@sakilacustomer.org','AD_39','2021-01-01','2021-01-01','A','null','null');
insert into subscriber values(36,'KATHLEEN ADAMS',54356,'KATHLEEN.ADAMS@sakilacustomer.org','AD_40','2021-01-01','2021-01-01','A','null','null');
insert into subscriber values(37,'PAMELA BAKER',54357,'PAMELA.BAKER@sakilacustomer.org','AD_41','2021-01-01','2021-01-01','A','null','PO_1');
insert into subscriber values(38,'MARTHA GONZALEZ',54358,'MARTHA.GONZALEZ@sakilacustomer.org','AD_42','2021-01-01','2021-01-01','A','null','PO_2');
insert into subscriber values(39,'DEBRA NELSON',54359,'DEBRA.NELSON@sakilacustomer.org','AD_43','2021-01-01','2021-01-01','A','null','PO_3');
insert into subscriber values(40,'AMANDA CARTER',54360,'AMANDA.CARTER@sakilacustomer.org','AD_44','2021-01-01','2021-01-01','A','null','PO_4');
insert into subscriber values(41,'STEPHANIE MITCHELL',54361,'STEPHANIE.MITCHELL@sakilacustomer.org','AD_45','2021-01-01','2021-01-01','A','null','PO_5');
insert into subscriber values(42,'CAROLYN PEREZ',54362,'CAROLYN.PEREZ@sakilacustomer.org','AD_46','2021-01-01','2021-01-01','A','PR_1','null');
insert into subscriber values(43,'CHRISTINE ROBERTS',54363,'CHRISTINE.ROBERTS@sakilacustomer.org','AD_47','2021-01-01','2021-01-01','A','PR_2','null');
insert into subscriber values(44,'MARIE TURNER',54364,'MARIE.TURNER@sakilacustomer.org','AD_48','2021-01-01','2021-01-01','A','PR_3','null');
insert into subscriber values(45,'JANET PHILLIPS',54365,'JANET.PHILLIPS@sakilacustomer.org','AD_49','2021-01-01','2021-01-01','A','PR_4','null');
insert into subscriber values(46,'CATHERINE CAMPBELL',54366,'CATHERINE.CAMPBELL@sakilacustomer.org','AD_50','2021-01-01','2021-01-01','A','PR_5','null');
insert into subscriber values(47,'FRANCES PARKER',54367,'FRANCES.PARKER@sakilacustomer.org','AD_51','2021-01-01','2021-01-01','A','null','null');
insert into subscriber values(48,'ANN EVANS',54368,'ANN.EVANS@sakilacustomer.org','AD_52','2021-01-01','2021-01-01','A','null','null');
insert into subscriber values(49,'JOYCE EDWARDS',54369,'JOYCE.EDWARDS@sakilacustomer.org','AD_53','2021-01-01','2021-01-01','A','null','PO_1');
insert into subscriber values(50,'DIANE COLLINS',54370,'DIANE.COLLINS@sakilacustomer.org','AD_54','2021-01-01','2021-01-01','A','null','PO_2');
insert into subscriber values(51,'ALICE STEWART',54371,'ALICE.STEWART@sakilacustomer.org','AD_55','2021-01-01','2021-01-01','A','null','PO_3');
insert into subscriber values(52,'JULIE SANCHEZ',54372,'JULIE.SANCHEZ@sakilacustomer.org','AD_56','2021-01-01','2021-01-01','A','null','PO_4');
insert into subscriber values(53,'HEATHER MORRIS',54373,'HEATHER.MORRIS@sakilacustomer.org','AD_57','2021-01-01','2021-01-01','A','null','PO_5');
insert into subscriber values(54,'TERESA ROGERS',54374,'TERESA.ROGERS@sakilacustomer.org','AD_58','2021-01-01','2021-01-01','A','PR_1','null');
insert into subscriber values(55,'DORIS REED',54375,'DORIS.REED@sakilacustomer.org','AD_59','2021-01-01','2021-01-01','A','PR_2','null');
insert into subscriber values(56,'GLORIA COOK',54376,'GLORIA.COOK@sakilacustomer.org','AD_60','2021-01-01','2021-01-01','A','PR_3','null');
insert into subscriber values(57,'EVELYN MORGAN',54377,'EVELYN.MORGAN@sakilacustomer.org','AD_61','2021-01-01','2021-01-01','A','PR_4','null');
insert into subscriber values(58,'JEAN BELL',54378,'JEAN.BELL@sakilacustomer.org','AD_62','2021-01-01','2021-01-01','A','PR_5','null');
insert into subscriber values(59,'CHERYL MURPHY',54379,'CHERYL.MURPHY@sakilacustomer.org','AD_63','2021-01-01','2021-01-01','A','null','null');
insert into subscriber values(60,'MILDRED BAILEY',54380,'MILDRED.BAILEY@sakilacustomer.org','AD_64','2021-01-01','2021-01-01','A','null','null');
insert into subscriber values(61,'KATHERINE RIVERA',54381,'KATHERINE.RIVERA@sakilacustomer.org','AD_65','2021-01-01','2021-01-01','A','null','PO_1');
insert into subscriber values(62,'JOAN COOPER',54382,'JOAN.COOPER@sakilacustomer.org','AD_66','2021-01-01','2021-01-01','A','null','PO_2');
insert into subscriber values(63,'ASHLEY RICHARDSON',54383,'ASHLEY.RICHARDSON@sakilacustomer.org','AD_67','2021-01-01','2021-01-01','A','null','PO_3');
insert into subscriber values(64,'JUDITH COX',54384,'JUDITH.COX@sakilacustomer.org','AD_68','2021-01-01','2021-01-01','A','null','PO_4');
insert into subscriber values(65,'ROSE HOWARD',54385,'ROSE.HOWARD@sakilacustomer.org','AD_69','2021-01-01','2021-01-01','A','null','PO_5');
insert into subscriber values(66,'JANICE WARD',54386,'JANICE.WARD@sakilacustomer.org','AD_70','2021-01-01','2021-01-01','A','PR_1','null');
insert into subscriber values(67,'KELLY TORRES',54387,'KELLY.TORRES@sakilacustomer.org','AD_71','2021-01-01','2021-01-01','A','PR_2','null');
insert into subscriber values(68,'NICOLE PETERSON',54388,'NICOLE.PETERSON@sakilacustomer.org','AD_72','2021-01-01','2021-01-01','A','PR_3','null');
insert into subscriber values(69,'JUDY GRAY',54389,'JUDY.GRAY@sakilacustomer.org','AD_73','2021-01-01','2021-01-01','A','PR_4','null');
insert into subscriber values(70,'CHRISTINA RAMIREZ',54390,'CHRISTINA.RAMIREZ@sakilacustomer.org','AD_74','2021-01-01','2021-01-01','A','PR_5','null');
insert into subscriber values(71,'KATHY JAMES',54391,'KATHY.JAMES@sakilacustomer.org','AD_75','2021-01-01','2021-01-01','A','null','null');
insert into subscriber values(72,'THERESA WATSON',54392,'THERESA.WATSON@sakilacustomer.org','AD_76','2021-01-01','2021-01-01','A','null','null');
insert into subscriber values(73,'BEVERLY BROOKS',54393,'BEVERLY.BROOKS@sakilacustomer.org','AD_77','2021-01-01','2021-01-01','A','null','PO_1');
insert into subscriber values(74,'DENISE KELLY',54394,'DENISE.KELLY@sakilacustomer.org','AD_78','2021-01-01','2021-01-01','A','null','PO_2');
insert into subscriber values(75,'TAMMY SANDERS',54395,'TAMMY.SANDERS@sakilacustomer.org','AD_79','2021-01-01','2021-01-01','A','null','PO_3');
insert into subscriber values(76,'IRENE PRICE',54396,'IRENE.PRICE@sakilacustomer.org','AD_80','2021-01-01','2021-01-01','A','null','PO_4');
insert into subscriber values(77,'JANE BENNETT',54397,'JANE.BENNETT@sakilacustomer.org','AD_81','2021-01-01','2021-01-01','A','null','PO_5');
insert into subscriber values(78,'LORI WOOD',54398,'LORI.WOOD@sakilacustomer.org','AD_82','2021-01-01','2021-01-01','A','PR_1','null');
insert into subscriber values(79,'RACHEL BARNES',54399,'RACHEL.BARNES@sakilacustomer.org','AD_83','2021-01-01','2021-01-01','A','PR_2','null');
insert into subscriber values(80,'MARILYN ROSS',54400,'MARILYN.ROSS@sakilacustomer.org','AD_84','2021-01-01','2021-01-01','A','PR_3','null');
insert into subscriber values(81,'ANDREA HENDERSON',54401,'ANDREA.HENDERSON@sakilacustomer.org','AD_85','2021-01-01','2021-01-01','A','PR_4','null');
insert into subscriber values(82,'KATHRYN COLEMAN',54402,'KATHRYN.COLEMAN@sakilacustomer.org','AD_86','2021-01-01','2021-01-01','A','PR_5','null');
insert into subscriber values(83,'LOUISE JENKINS',54403,'LOUISE.JENKINS@sakilacustomer.org','AD_87','2021-01-01','2021-01-01','A','null','null');
insert into subscriber values(84,'SARA PERRY',54404,'SARA.PERRY@sakilacustomer.org','AD_88','2021-01-01','2021-01-01','A','null','null');
insert into subscriber values(85,'ANNE POWELL',54405,'ANNE.POWELL@sakilacustomer.org','AD_89','2021-01-01','2021-01-01','A','null','PO_1');
insert into subscriber values(86,'JACQUELINE LONG',54406,'JACQUELINE.LONG@sakilacustomer.org','AD_90','2021-01-01','2021-01-01','A','null','PO_2');
insert into subscriber values(87,'WANDA PATTERSON',54407,'WANDA.PATTERSON@sakilacustomer.org','AD_91','2021-01-01','2021-01-01','A','null','PO_3');
insert into subscriber values(88,'BONNIE HUGHES',54408,'BONNIE.HUGHES@sakilacustomer.org','AD_92','2021-01-01','2021-01-01','A','null','PO_4');
insert into subscriber values(89,'JULIA FLORES',54409,'JULIA.FLORES@sakilacustomer.org','AD_93','2021-01-01','2021-01-01','A','null','PO_5');
insert into subscriber values(90,'RUBY WASHINGTON',54410,'RUBY.WASHINGTON@sakilacustomer.org','AD_94','2021-01-01','2021-01-01','A','PR_1','null');
insert into subscriber values(91,'LOIS BUTLER',54411,'LOIS.BUTLER@sakilacustomer.org','AD_95','2021-01-01','2021-01-01','A','PR_2','null');
insert into subscriber values(92,'TINA SIMMONS',54412,'TINA.SIMMONS@sakilacustomer.org','AD_96','2021-01-01','2021-01-01','A','PR_3','null');
insert into subscriber values(93,'PHYLLIS FOSTER',54413,'PHYLLIS.FOSTER@sakilacustomer.org','AD_97','2021-01-01','2021-01-01','A','PR_4','null');
insert into subscriber values(94,'NORMA GONZALES',54414,'NORMA.GONZALES@sakilacustomer.org','AD_98','2021-01-01','2021-01-01','A','PR_5','null');
insert into subscriber values(95,'PAULA BRYANT',54415,'PAULA.BRYANT@sakilacustomer.org','AD_99','2021-01-01','2021-01-01','A','null','null');
insert into subscriber values(96,'DIANA ALEXANDER',54416,'DIANA.ALEXANDER@sakilacustomer.org','AD_100','2021-01-01','2021-01-01','A','null','null');
insert into subscriber values(97,'ANNIE RUSSELL',54417,'ANNIE.RUSSELL@sakilacustomer.org','AD_101','2021-01-01','2021-01-01','A','null','PO_1');
insert into subscriber values(98,'LILLIAN GRIFFIN',54418,'LILLIAN.GRIFFIN@sakilacustomer.org','AD_102','2021-01-01','2021-01-01','A','null','PO_2');
insert into subscriber values(99,'EMILY DIAZ',54419,'EMILY.DIAZ@sakilacustomer.org','AD_103','2021-01-01','2021-01-01','A','null','PO_3');
insert into subscriber values(100,'ROBIN HAYES',54420,'ROBIN.HAYES@sakilacustomer.org','AD_104','2021-01-01','2021-01-01','A','null','PO_4');
insert into subscriber values(101,'PEGGY MYERS',54421,'PEGGY.MYERS@sakilacustomer.org','AD_105','2021-01-01','2021-01-01','A','null','PO_5');
insert into subscriber values(102,'CRYSTAL FORD',54422,'CRYSTAL.FORD@sakilacustomer.org','AD_106','2021-01-01','2021-01-01','A','PR_1','null');
insert into subscriber values(103,'GLADYS HAMILTON',54423,'GLADYS.HAMILTON@sakilacustomer.org','AD_107','2021-01-01','2021-01-01','A','PR_2','null');
insert into subscriber values(104,'RITA GRAHAM',54424,'RITA.GRAHAM@sakilacustomer.org','AD_108','2021-01-01','2021-01-01','A','PR_3','null');
insert into subscriber values(105,'DAWN SULLIVAN',54425,'DAWN.SULLIVAN@sakilacustomer.org','AD_109','2021-01-01','2021-01-01','A','PR_4','null');
insert into subscriber values(106,'CONNIE WALLACE',54426,'CONNIE.WALLACE@sakilacustomer.org','AD_110','2021-01-01','2021-01-01','A','PR_5','null');
insert into subscriber values(107,'FLORENCE WOODS',54427,'FLORENCE.WOODS@sakilacustomer.org','AD_111','2021-01-01','2021-01-01','A','null','null');
insert into subscriber values(108,'TRACY COLE',54428,'TRACY.COLE@sakilacustomer.org','AD_112','2021-01-01','2021-01-01','A','null','null');
insert into subscriber values(109,'EDNA WEST',54429,'EDNA.WEST@sakilacustomer.org','AD_113','2021-01-01','2021-01-01','A','null','PO_1');
insert into subscriber values(110,'TIFFANY JORDAN',54430,'TIFFANY.JORDAN@sakilacustomer.org','AD_114','2021-01-01','2021-01-01','A','null','PO_2');
insert into subscriber values(111,'CARMEN OWENS',54431,'CARMEN.OWENS@sakilacustomer.org','AD_115','2021-01-01','2021-01-01','A','null','PO_3');
insert into subscriber values(112,'ROSA REYNOLDS',54432,'ROSA.REYNOLDS@sakilacustomer.org','AD_116','2021-01-01','2021-01-01','A','null','PO_4');
insert into subscriber values(113,'CINDY FISHER',54433,'CINDY.FISHER@sakilacustomer.org','AD_117','2021-01-01','2021-01-01','A','null','PO_5');
insert into subscriber values(114,'GRACE ELLIS',54434,'GRACE.ELLIS@sakilacustomer.org','AD_118','2021-01-01','2021-01-01','A','PR_1','null');
insert into subscriber values(115,'WENDY HARRISON',54435,'WENDY.HARRISON@sakilacustomer.org','AD_119','2021-01-01','2021-01-01','A','PR_2','null');
insert into subscriber values(116,'VICTORIA GIBSON',54436,'VICTORIA.GIBSON@sakilacustomer.org','AD_120','2021-01-01','2021-01-01','A','PR_3','null');
insert into subscriber values(117,'EDITH MCDONALD',54437,'EDITH.MCDONALD@sakilacustomer.org','AD_121','2021-01-01','2021-01-01','A','PR_4','null');
insert into subscriber values(118,'KIM CRUZ',54438,'KIM.CRUZ@sakilacustomer.org','AD_122','2021-01-01','2021-01-01','A','PR_5','null');
insert into subscriber values(119,'SHERRY MARSHALL',54439,'SHERRY.MARSHALL@sakilacustomer.org','AD_123','2021-01-01','2021-01-01','A','null','null');
insert into subscriber values(120,'SYLVIA ORTIZ',54440,'SYLVIA.ORTIZ@sakilacustomer.org','AD_124','2021-01-01','2021-01-01','A','null','null');
insert into subscriber values(121,'JOSEPHINE GOMEZ',54441,'JOSEPHINE.GOMEZ@sakilacustomer.org','AD_125','2021-01-01','2021-01-01','A','null','PO_1');
insert into subscriber values(122,'THELMA MURRAY',54442,'THELMA.MURRAY@sakilacustomer.org','AD_126','2021-01-01','2021-01-01','A','null','PO_2');
insert into subscriber values(123,'SHANNON FREEMAN',54443,'SHANNON.FREEMAN@sakilacustomer.org','AD_127','2021-01-01','2021-01-01','A','null','PO_3');
insert into subscriber values(124,'SHEILA WELLS',54444,'SHEILA.WELLS@sakilacustomer.org','AD_128','2021-01-01','2021-01-01','A','null','PO_4');
insert into subscriber values(125,'ETHEL WEBB',54445,'ETHEL.WEBB@sakilacustomer.org','AD_129','2021-01-01','2021-01-01','A','null','PO_5');
insert into subscriber values(126,'ELLEN SIMPSON',54446,'ELLEN.SIMPSON@sakilacustomer.org','AD_130','2021-01-01','2021-01-01','A','PR_1','null');
insert into subscriber values(127,'ELAINE STEVENS',54447,'ELAINE.STEVENS@sakilacustomer.org','AD_131','2021-01-01','2021-01-01','A','PR_2','null');
insert into subscriber values(128,'MARJORIE TUCKER',54448,'MARJORIE.TUCKER@sakilacustomer.org','AD_132','2021-01-01','2021-01-01','A','PR_3','null');
insert into subscriber values(129,'CARRIE PORTER',54449,'CARRIE.PORTER@sakilacustomer.org','AD_133','2021-01-01','2021-01-01','A','PR_4','null');
insert into subscriber values(130,'CHARLOTTE HUNTER',54450,'CHARLOTTE.HUNTER@sakilacustomer.org','AD_134','2021-01-01','2021-01-01','A','PR_5','null');
insert into subscriber values(131,'MONICA HICKS',54451,'MONICA.HICKS@sakilacustomer.org','AD_135','2021-01-01','2021-01-01','A','null','null');
insert into subscriber values(132,'ESTHER CRAWFORD',54452,'ESTHER.CRAWFORD@sakilacustomer.org','AD_136','2021-01-01','2021-01-01','A','null','null');
insert into subscriber values(133,'PAULINE HENRY',54453,'PAULINE.HENRY@sakilacustomer.org','AD_137','2021-01-01','2021-01-01','A','null','PO_1');
insert into subscriber values(134,'EMMA BOYD',54454,'EMMA.BOYD@sakilacustomer.org','AD_138','2021-01-01','2021-01-01','A','null','PO_2');
insert into subscriber values(135,'JUANITA MASON',54455,'JUANITA.MASON@sakilacustomer.org','AD_139','2021-01-01','2021-01-01','A','null','PO_3');
insert into subscriber values(136,'ANITA MORALES',54456,'ANITA.MORALES@sakilacustomer.org','AD_140','2021-01-01','2021-01-01','A','null','PO_4');
insert into subscriber values(137,'RHONDA KENNEDY',54457,'RHONDA.KENNEDY@sakilacustomer.org','AD_141','2021-01-01','2021-01-01','A','null','PO_5');
insert into subscriber values(138,'HAZEL WARREN',54458,'HAZEL.WARREN@sakilacustomer.org','AD_142','2021-01-01','2021-01-01','A','PR_1','null');
insert into subscriber values(139,'AMBER DIXON',54459,'AMBER.DIXON@sakilacustomer.org','AD_143','2021-01-01','2021-01-01','A','PR_2','null');
insert into subscriber values(140,'EVA RAMOS',54460,'EVA.RAMOS@sakilacustomer.org','AD_144','2021-01-01','2021-01-01','A','PR_3','null');
insert into subscriber values(141,'DEBBIE REYES',54461,'DEBBIE.REYES@sakilacustomer.org','AD_145','2021-01-01','2021-01-01','A','PR_4','null');
insert into subscriber values(142,'APRIL BURNS',54462,'APRIL.BURNS@sakilacustomer.org','AD_146','2021-01-01','2021-01-01','A','PR_5','null');
insert into subscriber values(143,'LESLIE GORDON',54463,'LESLIE.GORDON@sakilacustomer.org','AD_147','2021-01-01','2021-01-01','A','null','null');
insert into subscriber values(144,'CLARA SHAW',54464,'CLARA.SHAW@sakilacustomer.org','AD_148','2021-01-01','2021-01-01','A','null','null');
insert into subscriber values(145,'LUCILLE HOLMES',54465,'LUCILLE.HOLMES@sakilacustomer.org','AD_149','2021-01-01','2021-01-01','A','null','PO_1');
insert into subscriber values(146,'JAMIE RICE',54466,'JAMIE.RICE@sakilacustomer.org','AD_150','2021-01-01','2021-01-01','A','null','PO_2');
insert into subscriber values(147,'JOANNE ROBERTSON',54467,'JOANNE.ROBERTSON@sakilacustomer.org','AD_151','2021-01-01','2021-01-01','A','null','PO_3');
insert into subscriber values(148,'ELEANOR HUNT',54468,'ELEANOR.HUNT@sakilacustomer.org','AD_152','2021-01-01','2021-01-01','A','null','PO_4');
insert into subscriber values(149,'VALERIE BLACK',54469,'VALERIE.BLACK@sakilacustomer.org','AD_153','2021-01-01','2021-01-01','A','null','PO_5');
insert into subscriber values(150,'DANIELLE DANIELS',54470,'DANIELLE.DANIELS@sakilacustomer.org','AD_154','2021-01-01','2021-01-01','A','PR_1','null');
insert into subscriber values(151,'MEGAN PALMER',54471,'MEGAN.PALMER@sakilacustomer.org','AD_155','2021-01-01','2021-01-01','A','PR_2','null');
insert into subscriber values(152,'ALICIA MILLS',54472,'ALICIA.MILLS@sakilacustomer.org','AD_156','2021-01-01','2021-01-01','A','PR_3','null');
insert into subscriber values(153,'SUZANNE NICHOLS',54473,'SUZANNE.NICHOLS@sakilacustomer.org','AD_157','2021-01-01','2021-01-01','A','PR_4','null');
insert into subscriber values(154,'MICHELE GRANT',54474,'MICHELE.GRANT@sakilacustomer.org','AD_158','2021-01-01','2021-01-01','A','PR_5','null');
insert into subscriber values(155,'GAIL KNIGHT',54475,'GAIL.KNIGHT@sakilacustomer.org','AD_159','2021-01-01','2021-01-01','A','null','null');
insert into subscriber values(156,'BERTHA FERGUSON',54476,'BERTHA.FERGUSON@sakilacustomer.org','AD_160','2021-01-01','2021-01-01','A','null','null');
insert into subscriber values(157,'DARLENE ROSE',54477,'DARLENE.ROSE@sakilacustomer.org','AD_161','2021-01-01','2021-01-01','A','null','PO_1');
insert into subscriber values(158,'VERONICA STONE',54478,'VERONICA.STONE@sakilacustomer.org','AD_162','2021-01-01','2021-01-01','A','null','PO_2');
insert into subscriber values(159,'JILL HAWKINS',54479,'JILL.HAWKINS@sakilacustomer.org','AD_163','2021-01-01','2021-01-01','A','null','PO_3');
insert into subscriber values(160,'ERIN DUNN',54480,'ERIN.DUNN@sakilacustomer.org','AD_164','2021-01-01','2021-01-01','A','null','PO_4');
insert into subscriber values(161,'GERALDINE PERKINS',54481,'GERALDINE.PERKINS@sakilacustomer.org','AD_165','2021-01-01','2021-01-01','A','null','PO_5');
insert into subscriber values(162,'LAUREN HUDSON',54482,'LAUREN.HUDSON@sakilacustomer.org','AD_166','2021-01-01','2021-01-01','A','PR_1','null');
insert into subscriber values(163,'CATHY SPENCER',54483,'CATHY.SPENCER@sakilacustomer.org','AD_167','2021-01-01','2021-01-01','A','PR_2','null');
insert into subscriber values(164,'JOANN GARDNER',54484,'JOANN.GARDNER@sakilacustomer.org','AD_168','2021-01-01','2021-01-01','A','PR_3','null');
insert into subscriber values(165,'LORRAINE STEPHENS',54485,'LORRAINE.STEPHENS@sakilacustomer.org','AD_169','2021-01-01','2021-01-01','A','PR_4','null');
insert into subscriber values(166,'LYNN PAYNE',54486,'LYNN.PAYNE@sakilacustomer.org','AD_170','2021-01-01','2021-01-01','A','PR_5','null');
insert into subscriber values(167,'SALLY PIERCE',54487,'SALLY.PIERCE@sakilacustomer.org','AD_171','2021-01-01','2021-01-01','A','null','null');
insert into subscriber values(168,'REGINA BERRY',54488,'REGINA.BERRY@sakilacustomer.org','AD_172','2021-01-01','2021-01-01','A','null','null');
insert into subscriber values(169,'ERICA MATTHEWS',54489,'ERICA.MATTHEWS@sakilacustomer.org','AD_173','2021-01-01','2021-01-01','A','null','PO_1');
insert into subscriber values(170,'BEATRICE ARNOLD',54490,'BEATRICE.ARNOLD@sakilacustomer.org','AD_174','2021-01-01','2021-01-01','A','null','PO_2');
insert into subscriber values(171,'DOLORES WAGNER',54491,'DOLORES.WAGNER@sakilacustomer.org','AD_175','2021-01-01','2021-01-01','A','null','PO_3');
insert into subscriber values(172,'BERNICE WILLIS',54492,'BERNICE.WILLIS@sakilacustomer.org','AD_176','2021-01-01','2021-01-01','A','null','PO_4');
insert into subscriber values(173,'AUDREY RAY',54493,'AUDREY.RAY@sakilacustomer.org','AD_177','2021-01-01','2021-01-01','A','null','PO_5');
insert into subscriber values(174,'YVONNE WATKINS',54494,'YVONNE.WATKINS@sakilacustomer.org','AD_178','2021-01-01','2021-01-01','A','PR_1','null');
insert into subscriber values(175,'ANNETTE OLSON',54495,'ANNETTE.OLSON@sakilacustomer.org','AD_179','2021-01-01','2021-01-01','A','PR_2','null');
insert into subscriber values(176,'JUNE CARROLL',54496,'JUNE.CARROLL@sakilacustomer.org','AD_180','2021-01-01','2021-01-01','A','PR_3','null');
insert into subscriber values(177,'SAMANTHA DUNCAN',54497,'SAMANTHA.DUNCAN@sakilacustomer.org','AD_181','2021-01-01','2021-01-01','A','PR_4','null');
insert into subscriber values(178,'MARION SNYDER',54498,'MARION.SNYDER@sakilacustomer.org','AD_182','2021-01-01','2021-01-01','A','PR_5','null');
insert into subscriber values(179,'DANA HART',54499,'DANA.HART@sakilacustomer.org','AD_183','2021-01-01','2021-01-01','A','null','null');
insert into subscriber values(180,'STACY CUNNINGHAM',54500,'STACY.CUNNINGHAM@sakilacustomer.org','AD_184','2021-01-01','2021-01-01','A','null','null');
insert into subscriber values(181,'ANA BRADLEY',54501,'ANA.BRADLEY@sakilacustomer.org','AD_185','2021-01-01','2021-01-01','A','null','PO_1');
insert into subscriber values(182,'RENEE LANE',54502,'RENEE.LANE@sakilacustomer.org','AD_186','2021-01-01','2021-01-01','A','null','PO_2');
insert into subscriber values(183,'IDA ANDREWS',54503,'IDA.ANDREWS@sakilacustomer.org','AD_187','2021-01-01','2021-01-01','A','null','PO_3');
insert into subscriber values(184,'VIVIAN RUIZ',54504,'VIVIAN.RUIZ@sakilacustomer.org','AD_188','2021-01-01','2021-01-01','A','null','PO_4');
insert into subscriber values(185,'ROBERTA HARPER',54505,'ROBERTA.HARPER@sakilacustomer.org','AD_189','2021-01-01','2021-01-01','A','null','PO_5');
insert into subscriber values(186,'HOLLY FOX',54506,'HOLLY.FOX@sakilacustomer.org','AD_190','2021-01-01','2021-01-01','A','PR_1','null');
insert into subscriber values(187,'BRITTANY RILEY',54507,'BRITTANY.RILEY@sakilacustomer.org','AD_191','2021-01-01','2021-01-01','A','PR_2','null');
insert into subscriber values(188,'MELANIE ARMSTRONG',54508,'MELANIE.ARMSTRONG@sakilacustomer.org','AD_192','2021-01-01','2021-01-01','A','PR_3','null');
insert into subscriber values(189,'LORETTA CARPENTER',54509,'LORETTA.CARPENTER@sakilacustomer.org','AD_193','2021-01-01','2021-01-01','A','PR_4','null');
insert into subscriber values(190,'YOLANDA WEAVER',54510,'YOLANDA.WEAVER@sakilacustomer.org','AD_194','2021-01-01','2021-01-01','A','PR_5','null');
insert into subscriber values(191,'JEANETTE GREENE',54511,'JEANETTE.GREENE@sakilacustomer.org','AD_195','2021-01-01','2021-01-01','A','null','null');
insert into subscriber values(192,'LAURIE LAWRENCE',54512,'LAURIE.LAWRENCE@sakilacustomer.org','AD_196','2021-01-01','2021-01-01','A','null','null');
insert into subscriber values(193,'KATIE ELLIOTT',54513,'KATIE.ELLIOTT@sakilacustomer.org','AD_197','2021-01-01','2021-01-01','A','null','PO_1');
insert into subscriber values(194,'KRISTEN CHAVEZ',54514,'KRISTEN.CHAVEZ@sakilacustomer.org','AD_198','2021-01-01','2021-01-01','A','null','PO_2');
insert into subscriber values(195,'VANESSA SIMS',54515,'VANESSA.SIMS@sakilacustomer.org','AD_199','2021-01-01','2021-01-01','A','null','PO_3');
insert into subscriber values(196,'ALMA AUSTIN',54516,'ALMA.AUSTIN@sakilacustomer.org','AD_200','2021-01-01','2021-01-01','A','null','PO_4');
insert into subscriber values(197,'SUE PETERS',54517,'SUE.PETERS@sakilacustomer.org','AD_201','2021-01-01','2021-01-01','A','null','PO_5');
insert into subscriber values(198,'ELSIE KELLEY',54518,'ELSIE.KELLEY@sakilacustomer.org','AD_202','2021-01-01','2021-01-01','A','PR_1','null');
insert into subscriber values(199,'BETH FRANKLIN',54519,'BETH.FRANKLIN@sakilacustomer.org','AD_203','2021-01-01','2021-01-01','A','PR_2','null');
insert into subscriber values(200,'JEANNE LAWSON',54520,'JEANNE.LAWSON@sakilacustomer.org','AD_204','2021-01-01','2021-01-01','A','PR_3','null');
insert into subscriber values(201,'VICKI FIELDS',54521,'VICKI.FIELDS@sakilacustomer.org','AD_205','2021-01-01','2021-01-01','A','PR_4','null');
insert into subscriber values(202,'CARLA GUTIERREZ',54522,'CARLA.GUTIERREZ@sakilacustomer.org','AD_206','2021-01-01','2021-01-01','A','PR_5','null');
insert into subscriber values(203,'TARA RYAN',54523,'TARA.RYAN@sakilacustomer.org','AD_207','2021-01-01','2021-01-01','A','null','null');
insert into subscriber values(204,'ROSEMARY SCHMIDT',54524,'ROSEMARY.SCHMIDT@sakilacustomer.org','AD_208','2021-01-01','2021-01-01','A','null','null');
insert into subscriber values(205,'EILEEN CARR',54525,'EILEEN.CARR@sakilacustomer.org','AD_209','2021-01-01','2021-01-01','A','null','PO_1');
insert into subscriber values(206,'TERRI VASQUEZ',54526,'TERRI.VASQUEZ@sakilacustomer.org','AD_210','2021-01-01','2021-01-01','A','null','PO_2');
insert into subscriber values(207,'GERTRUDE CASTILLO',54527,'GERTRUDE.CASTILLO@sakilacustomer.org','AD_211','2021-01-01','2021-01-01','A','null','PO_3');
insert into subscriber values(208,'LUCY WHEELER',54528,'LUCY.WHEELER@sakilacustomer.org','AD_212','2021-01-01','2021-01-01','A','null','PO_4');
insert into subscriber values(209,'TONYA CHAPMAN',54529,'TONYA.CHAPMAN@sakilacustomer.org','AD_213','2021-01-01','2021-01-01','A','null','PO_5');
insert into subscriber values(210,'ELLA OLIVER',54530,'ELLA.OLIVER@sakilacustomer.org','AD_214','2021-01-01','2021-01-01','A','PR_1','null');
insert into subscriber values(211,'STACEY MONTGOMERY',54531,'STACEY.MONTGOMERY@sakilacustomer.org','AD_215','2021-01-01','2021-01-01','A','PR_2','null');
insert into subscriber values(212,'WILMA RICHARDS',54532,'WILMA.RICHARDS@sakilacustomer.org','AD_216','2021-01-01','2021-01-01','A','PR_3','null');
insert into subscriber values(213,'GINA WILLIAMSON',54533,'GINA.WILLIAMSON@sakilacustomer.org','AD_217','2021-01-01','2021-01-01','A','PR_4','null');
insert into subscriber values(214,'KRISTIN JOHNSTON',54534,'KRISTIN.JOHNSTON@sakilacustomer.org','AD_218','2021-01-01','2021-01-01','A','PR_5','null');
insert into subscriber values(215,'JESSIE BANKS',54535,'JESSIE.BANKS@sakilacustomer.org','AD_219','2021-01-01','2021-01-01','A','null','null');
insert into subscriber values(216,'NATALIE MEYER',54536,'NATALIE.MEYER@sakilacustomer.org','AD_220','2021-01-01','2021-01-01','A','null','null');
insert into subscriber values(217,'AGNES BISHOP',54537,'AGNES.BISHOP@sakilacustomer.org','AD_221','2021-01-01','2021-01-01','A','null','PO_1');
insert into subscriber values(218,'VERA MCCOY',54538,'VERA.MCCOY@sakilacustomer.org','AD_222','2021-01-01','2021-01-01','A','null','PO_2');
insert into subscriber values(219,'WILLIE HOWELL',54539,'WILLIE.HOWELL@sakilacustomer.org','AD_223','2021-01-01','2021-01-01','A','null','PO_3');
insert into subscriber values(220,'CHARLENE ALVAREZ',54540,'CHARLENE.ALVAREZ@sakilacustomer.org','AD_224','2021-01-01','2021-01-01','A','null','PO_4');
insert into subscriber values(221,'BESSIE MORRISON',54541,'BESSIE.MORRISON@sakilacustomer.org','AD_225','2021-01-01','2021-01-01','A','null','PO_5');
insert into subscriber values(222,'DELORES HANSEN',54542,'DELORES.HANSEN@sakilacustomer.org','AD_226','2021-01-01','2021-01-01','A','PR_1','null');
insert into subscriber values(223,'MELINDA FERNANDEZ',54543,'MELINDA.FERNANDEZ@sakilacustomer.org','AD_227','2021-01-01','2021-01-01','A','PR_2','null');
insert into subscriber values(224,'PEARL GARZA',54544,'PEARL.GARZA@sakilacustomer.org','AD_228','2021-01-01','2021-01-01','A','PR_3','null');
insert into subscriber values(225,'ARLENE HARVEY',54545,'ARLENE.HARVEY@sakilacustomer.org','AD_229','2021-01-01','2021-01-01','A','PR_4','null');
insert into subscriber values(226,'MAUREEN LITTLE',54546,'MAUREEN.LITTLE@sakilacustomer.org','AD_230','2021-01-01','2021-01-01','A','PR_5','null');
insert into subscriber values(227,'COLLEEN BURTON',54547,'COLLEEN.BURTON@sakilacustomer.org','AD_231','2021-01-01','2021-01-01','A','null','null');
insert into subscriber values(228,'ALLISON STANLEY',54548,'ALLISON.STANLEY@sakilacustomer.org','AD_232','2021-01-01','2021-01-01','A','null','null');
insert into subscriber values(229,'TAMARA NGUYEN',54549,'TAMARA.NGUYEN@sakilacustomer.org','AD_233','2021-01-01','2021-01-01','A','null','PO_1');
insert into subscriber values(230,'JOY GEORGE',54550,'JOY.GEORGE@sakilacustomer.org','AD_234','2021-01-01','2021-01-01','A','null','PO_2');
insert into subscriber values(231,'GEORGIA JACOBS',54551,'GEORGIA.JACOBS@sakilacustomer.org','AD_235','2021-01-01','2021-01-01','A','null','PO_3');
insert into subscriber values(232,'CONSTANCE REID',54552,'CONSTANCE.REID@sakilacustomer.org','AD_236','2021-01-01','2021-01-01','A','null','PO_4');
insert into subscriber values(233,'LILLIE KIM',54553,'LILLIE.KIM@sakilacustomer.org','AD_237','2021-01-01','2021-01-01','A','null','PO_5');
insert into subscriber values(234,'CLAUDIA FULLER',54554,'CLAUDIA.FULLER@sakilacustomer.org','AD_238','2021-01-01','2021-01-01','A','PR_1','null');
insert into subscriber values(235,'JACKIE LYNCH',54555,'JACKIE.LYNCH@sakilacustomer.org','AD_239','2021-01-01','2021-01-01','A','PR_2','null');
insert into subscriber values(236,'MARCIA DEAN',54556,'MARCIA.DEAN@sakilacustomer.org','AD_240','2021-01-01','2021-01-01','A','PR_3','null');
insert into subscriber values(237,'TANYA GILBERT',54557,'TANYA.GILBERT@sakilacustomer.org','AD_241','2021-01-01','2021-01-01','A','PR_4','null');
insert into subscriber values(238,'NELLIE GARRETT',54558,'NELLIE.GARRETT@sakilacustomer.org','AD_242','2021-01-01','2021-01-01','A','PR_5','null');
insert into subscriber values(239,'MINNIE ROMERO',54559,'MINNIE.ROMERO@sakilacustomer.org','AD_243','2021-01-01','2021-01-01','A','null','null');
insert into subscriber values(240,'MARLENE WELCH',54560,'MARLENE.WELCH@sakilacustomer.org','AD_244','2021-01-01','2021-01-01','A','null','null');
insert into subscriber values(241,'HEIDI LARSON',54561,'HEIDI.LARSON@sakilacustomer.org','AD_245','2021-01-01','2021-01-01','A','null','PO_1');
insert into subscriber values(242,'GLENDA FRAZIER',54562,'GLENDA.FRAZIER@sakilacustomer.org','AD_246','2021-01-01','2021-01-01','A','null','PO_2');
insert into subscriber values(243,'LYDIA BURKE',54563,'LYDIA.BURKE@sakilacustomer.org','AD_247','2021-01-01','2021-01-01','A','null','PO_3');
insert into subscriber values(244,'VIOLA HANSON',54564,'VIOLA.HANSON@sakilacustomer.org','AD_248','2021-01-01','2021-01-01','A','null','PO_4');
insert into subscriber values(245,'COURTNEY DAY',54565,'COURTNEY.DAY@sakilacustomer.org','AD_249','2021-01-01','2021-01-01','A','null','PO_5');
insert into subscriber values(246,'MARIAN MENDOZA',54566,'MARIAN.MENDOZA@sakilacustomer.org','AD_250','2021-01-01','2021-01-01','A','PR_1','null');
insert into subscriber values(247,'STELLA MORENO',54567,'STELLA.MORENO@sakilacustomer.org','AD_251','2021-01-01','2021-01-01','A','PR_2','null');
insert into subscriber values(248,'CAROLINE BOWMAN',54568,'CAROLINE.BOWMAN@sakilacustomer.org','AD_252','2021-01-01','2021-01-01','A','PR_3','null');
insert into subscriber values(249,'DORA MEDINA',54569,'DORA.MEDINA@sakilacustomer.org','AD_253','2021-01-01','2021-01-01','A','PR_4','null');
insert into subscriber values(250,'JO FOWLER',54570,'JO.FOWLER@sakilacustomer.org','AD_254','2021-01-01','2021-01-01','A','PR_5','null');
insert into subscriber values(251,'VICKIE BREWER',54571,'VICKIE.BREWER@sakilacustomer.org','AD_255','2021-01-01','2021-01-01','A','null','null');
insert into subscriber values(252,'MATTIE HOFFMAN',54572,'MATTIE.HOFFMAN@sakilacustomer.org','AD_256','2021-01-01','2021-01-01','A','null','null');
insert into subscriber values(253,'TERRY CARLSON',54573,'TERRY.CARLSON@sakilacustomer.org','AD_258','2021-01-01','2021-01-01','A','null','PO_1');
insert into subscriber values(254,'MAXINE SILVA',54574,'MAXINE.SILVA@sakilacustomer.org','AD_259','2021-01-01','2021-01-01','A','null','PO_2');
insert into subscriber values(255,'IRMA PEARSON',54575,'IRMA.PEARSON@sakilacustomer.org','AD_260','2021-01-01','2021-01-01','A','null','PO_3');
insert into subscriber values(256,'MABEL HOLLAND',54576,'MABEL.HOLLAND@sakilacustomer.org','AD_261','2021-01-01','2021-01-01','A','null','PO_4');
insert into subscriber values(257,'MARSHA DOUGLAS',54577,'MARSHA.DOUGLAS@sakilacustomer.org','AD_262','2021-01-01','2021-01-01','A','null','PO_5');
insert into subscriber values(258,'MYRTLE FLEMING',54578,'MYRTLE.FLEMING@sakilacustomer.org','AD_263','2021-01-01','2021-01-01','A','PR_1','null');
insert into subscriber values(259,'LENA JENSEN',54579,'LENA.JENSEN@sakilacustomer.org','AD_264','2021-01-01','2021-01-01','A','PR_2','null');
insert into subscriber values(260,'CHRISTY VARGAS',54580,'CHRISTY.VARGAS@sakilacustomer.org','AD_265','2021-01-01','2021-01-01','A','PR_3','null');
insert into subscriber values(261,'DEANNA BYRD',54581,'DEANNA.BYRD@sakilacustomer.org','AD_266','2021-01-01','2021-01-01','A','PR_4','null');
insert into subscriber values(262,'PATSY DAVIDSON',54582,'PATSY.DAVIDSON@sakilacustomer.org','AD_267','2021-01-01','2021-01-01','A','PR_5','null');
insert into subscriber values(263,'HILDA HOPKINS',54583,'HILDA.HOPKINS@sakilacustomer.org','AD_268','2021-01-01','2021-01-01','A','null','null');
insert into subscriber values(264,'GWENDOLYN MAY',54584,'GWENDOLYN.MAY@sakilacustomer.org','AD_269','2021-01-01','2021-01-01','A','null','null');
insert into subscriber values(265,'JENNIE TERRY',54585,'JENNIE.TERRY@sakilacustomer.org','AD_270','2021-01-01','2021-01-01','A','null','PO_1');
insert into subscriber values(266,'NORA HERRERA',54586,'NORA.HERRERA@sakilacustomer.org','AD_271','2021-01-01','2021-01-01','A','null','PO_2');
insert into subscriber values(267,'MARGIE WADE',54587,'MARGIE.WADE@sakilacustomer.org','AD_272','2021-01-01','2021-01-01','A','null','PO_3');
insert into subscriber values(268,'NINA SOTO',54588,'NINA.SOTO@sakilacustomer.org','AD_273','2021-01-01','2021-01-01','A','null','PO_4');
insert into subscriber values(269,'CASSANDRA WALTERS',54589,'CASSANDRA.WALTERS@sakilacustomer.org','AD_274','2021-01-01','2021-01-01','A','null','PO_5');
insert into subscriber values(270,'LEAH CURTIS',54590,'LEAH.CURTIS@sakilacustomer.org','AD_275','2021-01-01','2021-01-01','A','PR_1','null');
insert into subscriber values(271,'PENNY NEAL',54591,'PENNY.NEAL@sakilacustomer.org','AD_276','2021-01-01','2021-01-01','A','PR_2','null');
insert into subscriber values(272,'KAY CALDWELL',54592,'KAY.CALDWELL@sakilacustomer.org','AD_277','2021-01-01','2021-01-01','A','PR_3','null');
insert into subscriber values(273,'PRISCILLA LOWE',54593,'PRISCILLA.LOWE@sakilacustomer.org','AD_278','2021-01-01','2021-01-01','A','PR_4','null');
insert into subscriber values(274,'NAOMI JENNINGS',54594,'NAOMI.JENNINGS@sakilacustomer.org','AD_279','2021-01-01','2021-01-01','A','PR_5','null');
insert into subscriber values(275,'CAROLE BARNETT',54595,'CAROLE.BARNETT@sakilacustomer.org','AD_280','2021-01-01','2021-01-01','A','null','null');
insert into subscriber values(276,'BRANDY GRAVES',54596,'BRANDY.GRAVES@sakilacustomer.org','AD_281','2021-01-01','2021-01-01','A','null','null');
insert into subscriber values(277,'OLGA JIMENEZ',54597,'OLGA.JIMENEZ@sakilacustomer.org','AD_282','2021-01-01','2021-01-01','A','null','PO_1');
insert into subscriber values(278,'BILLIE HORTON',54598,'BILLIE.HORTON@sakilacustomer.org','AD_283','2021-01-01','2021-01-01','A','null','PO_2');
insert into subscriber values(279,'DIANNE SHELTON',54599,'DIANNE.SHELTON@sakilacustomer.org','AD_284','2021-01-01','2021-01-01','A','null','PO_3');
insert into subscriber values(280,'TRACEY BARRETT',54600,'TRACEY.BARRETT@sakilacustomer.org','AD_285','2021-01-01','2021-01-01','A','null','PO_4');
insert into subscriber values(281,'LEONA OBRIEN',54601,'LEONA.OBRIEN@sakilacustomer.org','AD_286','2021-01-01','2021-01-01','A','null','PO_5');
insert into subscriber values(282,'JENNY CASTRO',54602,'JENNY.CASTRO@sakilacustomer.org','AD_287','2021-01-01','2021-01-01','A','PR_1','null');
insert into subscriber values(283,'FELICIA SUTTON',54603,'FELICIA.SUTTON@sakilacustomer.org','AD_288','2021-01-01','2021-01-01','A','PR_2','null');
insert into subscriber values(284,'SONIA GREGORY',54604,'SONIA.GREGORY@sakilacustomer.org','AD_289','2021-01-01','2021-01-01','A','PR_3','null');
insert into subscriber values(285,'MIRIAM MCKINNEY',54605,'MIRIAM.MCKINNEY@sakilacustomer.org','AD_290','2021-01-01','2021-01-01','A','PR_4','null');
insert into subscriber values(286,'VELMA LUCAS',54606,'VELMA.LUCAS@sakilacustomer.org','AD_291','2021-01-01','2021-01-01','A','PR_5','null');
insert into subscriber values(287,'BECKY MILES',54607,'BECKY.MILES@sakilacustomer.org','AD_292','2021-01-01','2021-01-01','A','null','null');
insert into subscriber values(288,'BOBBIE CRAIG',54608,'BOBBIE.CRAIG@sakilacustomer.org','AD_293','2021-01-01','2021-01-01','A','null','null');
insert into subscriber values(289,'VIOLET RODRIQUEZ',54609,'VIOLET.RODRIQUEZ@sakilacustomer.org','AD_294','2021-01-01','2021-01-01','A','null','PO_1');
insert into subscriber values(290,'KRISTINA CHAMBERS',54610,'KRISTINA.CHAMBERS@sakilacustomer.org','AD_295','2021-01-01','2021-01-01','A','null','PO_2');
insert into subscriber values(291,'TONI HOLT',54611,'TONI.HOLT@sakilacustomer.org','AD_296','2021-01-01','2021-01-01','A','null','PO_3');
insert into subscriber values(292,'MISTY LAMBERT',54612,'MISTY.LAMBERT@sakilacustomer.org','AD_297','2021-01-01','2021-01-01','A','null','PO_4');
insert into subscriber values(293,'MAE FLETCHER',54613,'MAE.FLETCHER@sakilacustomer.org','AD_298','2021-01-01','2021-01-01','A','null','PO_5');
insert into subscriber values(294,'SHELLY WATTS',54614,'SHELLY.WATTS@sakilacustomer.org','AD_299','2021-01-01','2021-01-01','A','PR_1','null');
insert into subscriber values(295,'DAISY BATES',54615,'DAISY.BATES@sakilacustomer.org','AD_300','2021-01-01','2021-01-01','A','PR_2','null');
insert into subscriber values(296,'RAMONA HALE',54616,'RAMONA.HALE@sakilacustomer.org','AD_301','2021-01-01','2021-01-01','A','PR_3','null');
insert into subscriber values(297,'SHERRI RHODES',54617,'SHERRI.RHODES@sakilacustomer.org','AD_302','2021-01-01','2021-01-01','A','PR_4','null');
insert into subscriber values(298,'ERIKA PENA',54618,'ERIKA.PENA@sakilacustomer.org','AD_303','2021-01-01','2021-01-01','A','PR_5','null');
insert into subscriber values(299,'JAMES GANNON',54619,'JAMES.GANNON@sakilacustomer.org','AD_304','2021-01-01','2021-01-01','A','null','null');
insert into subscriber values(300,'JOHN FARNSWORTH',54620,'JOHN.FARNSWORTH@sakilacustomer.org','AD_305','2021-01-01','2021-01-01','A','null','null');
insert into subscriber values(301,'ROBERT BAUGHMAN',54621,'ROBERT.BAUGHMAN@sakilacustomer.org','AD_306','2021-01-01','2021-01-01','A','null','PO_1');
insert into subscriber values(302,'MICHAEL SILVERMAN',54622,'MICHAEL.SILVERMAN@sakilacustomer.org','AD_307','2021-01-01','2021-01-01','A','null','PO_2');
insert into subscriber values(303,'WILLIAM SATTERFIELD',54623,'WILLIAM.SATTERFIELD@sakilacustomer.org','AD_308','2021-01-01','2021-01-01','A','null','PO_3');
insert into subscriber values(304,'DAVID ROYAL',54624,'DAVID.ROYAL@sakilacustomer.org','AD_309','2021-01-01','2021-01-01','A','null','PO_4');
insert into subscriber values(305,'RICHARD MCCRARY',54625,'RICHARD.MCCRARY@sakilacustomer.org','AD_310','2021-01-01','2021-01-01','A','null','PO_5');
insert into subscriber values(306,'CHARLES KOWALSKI',54626,'CHARLES.KOWALSKI@sakilacustomer.org','AD_311','2021-01-01','2021-01-01','A','PR_1','null');
insert into subscriber values(307,'JOSEPH JOY',54627,'JOSEPH.JOY@sakilacustomer.org','AD_312','2021-01-01','2021-01-01','A','PR_2','null');
insert into subscriber values(308,'THOMAS GRIGSBY',54628,'THOMAS.GRIGSBY@sakilacustomer.org','AD_313','2021-01-01','2021-01-01','A','PR_3','null');
insert into subscriber values(309,'CHRISTOPHER GRECO',54629,'CHRISTOPHER.GRECO@sakilacustomer.org','AD_314','2021-01-01','2021-01-01','A','PR_4','null');
insert into subscriber values(310,'DANIEL CABRAL',54630,'DANIEL.CABRAL@sakilacustomer.org','AD_315','2021-01-01','2021-01-01','A','PR_5','null');
insert into subscriber values(311,'PAUL TROUT',54631,'PAUL.TROUT@sakilacustomer.org','AD_316','2021-01-01','2021-01-01','A','null','null');
insert into subscriber values(312,'MARK RINEHART',54632,'MARK.RINEHART@sakilacustomer.org','AD_317','2021-01-01','2021-01-01','A','null','null');
insert into subscriber values(313,'DONALD MAHON',54633,'DONALD.MAHON@sakilacustomer.org','AD_318','2021-01-01','2021-01-01','A','null','PO_1');
insert into subscriber values(314,'GEORGE LINTON',54634,'GEORGE.LINTON@sakilacustomer.org','AD_319','2021-01-01','2021-01-01','A','null','PO_2');
insert into subscriber values(315,'KENNETH GOODEN',54635,'KENNETH.GOODEN@sakilacustomer.org','AD_320','2021-01-01','2021-01-01','A','null','PO_3');
insert into subscriber values(316,'STEVEN CURLEY',54636,'STEVEN.CURLEY@sakilacustomer.org','AD_321','2021-01-01','2021-01-01','A','null','PO_4');
insert into subscriber values(317,'EDWARD BAUGH',54637,'EDWARD.BAUGH@sakilacustomer.org','AD_322','2021-01-01','2021-01-01','A','null','PO_5');
insert into subscriber values(318,'BRIAN WYMAN',54638,'BRIAN.WYMAN@sakilacustomer.org','AD_323','2021-01-01','2021-01-01','A','PR_1','null');
insert into subscriber values(319,'RONALD WEINER',54639,'RONALD.WEINER@sakilacustomer.org','AD_324','2021-01-01','2021-01-01','A','PR_2','null');
insert into subscriber values(320,'ANTHONY SCHWAB',54640,'ANTHONY.SCHWAB@sakilacustomer.org','AD_325','2021-01-01','2021-01-01','A','PR_3','null');
insert into subscriber values(321,'KEVIN SCHULER',54641,'KEVIN.SCHULER@sakilacustomer.org','AD_326','2021-01-01','2021-01-01','A','PR_4','null');
insert into subscriber values(322,'JASON MORRISSEY',54642,'JASON.MORRISSEY@sakilacustomer.org','AD_327','2021-01-01','2021-01-01','A','PR_5','null');
insert into subscriber values(323,'MATTHEW MAHAN',54643,'MATTHEW.MAHAN@sakilacustomer.org','AD_328','2021-01-01','2021-01-01','A','null','null');
insert into subscriber values(324,'GARY COY',54644,'GARY.COY@sakilacustomer.org','AD_329','2021-01-01','2021-01-01','A','null','null');
insert into subscriber values(325,'TIMOTHY BUNN',54645,'TIMOTHY.BUNN@sakilacustomer.org','AD_330','2021-01-01','2021-01-01','A','null','PO_1');
insert into subscriber values(326,'JOSE ANDREW',54646,'JOSE.ANDREW@sakilacustomer.org','AD_331','2021-01-01','2021-01-01','A','null','PO_2');
insert into subscriber values(327,'LARRY THRASHER',54647,'LARRY.THRASHER@sakilacustomer.org','AD_332','2021-01-01','2021-01-01','A','null','PO_3');
insert into subscriber values(328,'JEFFREY SPEAR',54648,'JEFFREY.SPEAR@sakilacustomer.org','AD_333','2021-01-01','2021-01-01','A','null','PO_4');
insert into subscriber values(329,'FRANK WAGGONER',54649,'FRANK.WAGGONER@sakilacustomer.org','AD_334','2021-01-01','2021-01-01','A','null','PO_5');
insert into subscriber values(330,'SCOTT SHELLEY',54650,'SCOTT.SHELLEY@sakilacustomer.org','AD_335','2021-01-01','2021-01-01','A','PR_1','null');
insert into subscriber values(331,'ERIC ROBERT',54651,'ERIC.ROBERT@sakilacustomer.org','AD_336','2021-01-01','2021-01-01','A','PR_2','null');
insert into subscriber values(332,'STEPHEN QUALLS',54652,'STEPHEN.QUALLS@sakilacustomer.org','AD_337','2021-01-01','2021-01-01','A','PR_3','null');
insert into subscriber values(333,'ANDREW PURDY',54653,'ANDREW.PURDY@sakilacustomer.org','AD_338','2021-01-01','2021-01-01','A','PR_4','null');
insert into subscriber values(334,'RAYMOND MCWHORTER',54654,'RAYMOND.MCWHORTER@sakilacustomer.org','AD_339','2021-01-01','2021-01-01','A','PR_5','null');
insert into subscriber values(335,'GREGORY MAULDIN',54655,'GREGORY.MAULDIN@sakilacustomer.org','AD_340','2021-01-01','2021-01-01','A','null','null');
insert into subscriber values(336,'JOSHUA MARK',54656,'JOSHUA.MARK@sakilacustomer.org','AD_341','2021-01-01','2021-01-01','A','null','null');
insert into subscriber values(337,'JERRY JORDON',54657,'JERRY.JORDON@sakilacustomer.org','AD_342','2021-01-01','2021-01-01','A','null','PO_1');
insert into subscriber values(338,'DENNIS GILMAN',54658,'DENNIS.GILMAN@sakilacustomer.org','AD_343','2021-01-01','2021-01-01','A','null','PO_2');
insert into subscriber values(339,'WALTER PERRYMAN',54659,'WALTER.PERRYMAN@sakilacustomer.org','AD_344','2021-01-01','2021-01-01','A','null','PO_3');
insert into subscriber values(340,'PATRICK NEWSOM',54660,'PATRICK.NEWSOM@sakilacustomer.org','AD_345','2021-01-01','2021-01-01','A','null','PO_4');
insert into subscriber values(341,'PETER MENARD',54661,'PETER.MENARD@sakilacustomer.org','AD_346','2021-01-01','2021-01-01','A','null','PO_5');
insert into subscriber values(342,'HAROLD MARTINO',54662,'HAROLD.MARTINO@sakilacustomer.org','AD_347','2021-01-01','2021-01-01','A','PR_1','null');
insert into subscriber values(343,'DOUGLAS GRAF',54663,'DOUGLAS.GRAF@sakilacustomer.org','AD_348','2021-01-01','2021-01-01','A','PR_2','null');
insert into subscriber values(344,'HENRY BILLINGSLEY',54664,'HENRY.BILLINGSLEY@sakilacustomer.org','AD_349','2021-01-01','2021-01-01','A','PR_3','null');
insert into subscriber values(345,'CARL ARTIS',54665,'CARL.ARTIS@sakilacustomer.org','AD_350','2021-01-01','2021-01-01','A','PR_4','null');
insert into subscriber values(346,'ARTHUR SIMPKINS',54666,'ARTHUR.SIMPKINS@sakilacustomer.org','AD_351','2021-01-01','2021-01-01','A','PR_5','null');
insert into subscriber values(347,'RYAN SALISBURY',54667,'RYAN.SALISBURY@sakilacustomer.org','AD_352','2021-01-01','2021-01-01','A','null','null');
insert into subscriber values(348,'ROGER QUINTANILLA',54668,'ROGER.QUINTANILLA@sakilacustomer.org','AD_353','2021-01-01','2021-01-01','A','null','null');
insert into subscriber values(349,'JOE GILLILAND',54669,'JOE.GILLILAND@sakilacustomer.org','AD_354','2021-01-01','2021-01-01','A','null','PO_1');
insert into subscriber values(350,'JUAN FRALEY',54670,'JUAN.FRALEY@sakilacustomer.org','AD_355','2021-01-01','2021-01-01','A','null','PO_2');
insert into subscriber values(351,'JACK FOUST',54671,'JACK.FOUST@sakilacustomer.org','AD_356','2021-01-01','2021-01-01','A','null','PO_3');
insert into subscriber values(352,'ALBERT CROUSE',54672,'ALBERT.CROUSE@sakilacustomer.org','AD_357','2021-01-01','2021-01-01','A','null','PO_4');
insert into subscriber values(353,'JONATHAN SCARBOROUGH',54673,'JONATHAN.SCARBOROUGH@sakilacustomer.org','AD_358','2021-01-01','2021-01-01','A','null','PO_5');
insert into subscriber values(354,'JUSTIN NGO',54674,'JUSTIN.NGO@sakilacustomer.org','AD_359','2021-01-01','2021-01-01','A','PR_1','null');
insert into subscriber values(355,'TERRY GRISSOM',54675,'TERRY.GRISSOM@sakilacustomer.org','AD_360','2021-01-01','2021-01-01','A','PR_2','null');
insert into subscriber values(356,'GERALD FULTZ',54676,'GERALD.FULTZ@sakilacustomer.org','AD_361','2021-01-01','2021-01-01','A','PR_3','null');
insert into subscriber values(357,'KEITH RICO',54677,'KEITH.RICO@sakilacustomer.org','AD_362','2021-01-01','2021-01-01','A','PR_4','null');
insert into subscriber values(358,'SAMUEL MARLOW',54678,'SAMUEL.MARLOW@sakilacustomer.org','AD_363','2021-01-01','2021-01-01','A','PR_5','null');
insert into subscriber values(359,'WILLIE MARKHAM',54679,'WILLIE.MARKHAM@sakilacustomer.org','AD_364','2021-01-01','2021-01-01','A','null','null');
insert into subscriber values(360,'RALPH MADRIGAL',54680,'RALPH.MADRIGAL@sakilacustomer.org','AD_365','2021-01-01','2021-01-01','A','null','null');
insert into subscriber values(361,'LAWRENCE LAWTON',54681,'LAWRENCE.LAWTON@sakilacustomer.org','AD_366','2021-01-01','2021-01-01','A','null','PO_1');
insert into subscriber values(362,'NICHOLAS BARFIELD',54682,'NICHOLAS.BARFIELD@sakilacustomer.org','AD_367','2021-01-01','2021-01-01','A','null','PO_2');
insert into subscriber values(363,'ROY WHITING',54683,'ROY.WHITING@sakilacustomer.org','AD_368','2021-01-01','2021-01-01','A','null','PO_3');
insert into subscriber values(364,'BENJAMIN VARNEY',54684,'BENJAMIN.VARNEY@sakilacustomer.org','AD_369','2021-01-01','2021-01-01','A','null','PO_4');
insert into subscriber values(365,'BRUCE SCHWARZ',54685,'BRUCE.SCHWARZ@sakilacustomer.org','AD_370','2021-01-01','2021-01-01','A','null','PO_5');
insert into subscriber values(366,'BRANDON HUEY',54686,'BRANDON.HUEY@sakilacustomer.org','AD_371','2021-01-01','2021-01-01','A','PR_1','null');
insert into subscriber values(367,'ADAM GOOCH',54687,'ADAM.GOOCH@sakilacustomer.org','AD_372','2021-01-01','2021-01-01','A','PR_2','null');
insert into subscriber values(368,'HARRY ARCE',54688,'HARRY.ARCE@sakilacustomer.org','AD_373','2021-01-01','2021-01-01','A','PR_3','null');
insert into subscriber values(369,'FRED WHEAT',54689,'FRED.WHEAT@sakilacustomer.org','AD_374','2021-01-01','2021-01-01','A','PR_4','null');
insert into subscriber values(370,'WAYNE TRUONG',54690,'WAYNE.TRUONG@sakilacustomer.org','AD_375','2021-01-01','2021-01-01','A','PR_5','null');
insert into subscriber values(371,'BILLY POULIN',54691,'BILLY.POULIN@sakilacustomer.org','AD_376','2021-01-01','2021-01-01','A','null','null');
insert into subscriber values(372,'STEVE MACKENZIE',54692,'STEVE.MACKENZIE@sakilacustomer.org','AD_377','2021-01-01','2021-01-01','A','null','null');
insert into subscriber values(373,'LOUIS LEONE',54693,'LOUIS.LEONE@sakilacustomer.org','AD_378','2021-01-01','2021-01-01','A','null','PO_1');
insert into subscriber values(374,'JEREMY HURTADO',54694,'JEREMY.HURTADO@sakilacustomer.org','AD_379','2021-01-01','2021-01-01','A','null','PO_2');
insert into subscriber values(375,'AARON SELBY',54695,'AARON.SELBY@sakilacustomer.org','AD_380','2021-01-01','2021-01-01','A','null','PO_3');
insert into subscriber values(376,'RANDY GAITHER',54696,'RANDY.GAITHER@sakilacustomer.org','AD_381','2021-01-01','2021-01-01','A','null','PO_4');
insert into subscriber values(377,'HOWARD FORTNER',54697,'HOWARD.FORTNER@sakilacustomer.org','AD_382','2021-01-01','2021-01-01','A','null','PO_5');
insert into subscriber values(378,'EUGENE CULPEPPER',54698,'EUGENE.CULPEPPER@sakilacustomer.org','AD_383','2021-01-01','2021-01-01','A','PR_1','null');
insert into subscriber values(379,'CARLOS COUGHLIN',54699,'CARLOS.COUGHLIN@sakilacustomer.org','AD_384','2021-01-01','2021-01-01','A','PR_2','null');
insert into subscriber values(380,'RUSSELL BRINSON',54700,'RUSSELL.BRINSON@sakilacustomer.org','AD_385','2021-01-01','2021-01-01','A','PR_3','null');
insert into subscriber values(381,'BOBBY BOUDREAU',54701,'BOBBY.BOUDREAU@sakilacustomer.org','AD_386','2021-01-01','2021-01-01','A','PR_4','null');
insert into subscriber values(382,'VICTOR BARKLEY',54702,'VICTOR.BARKLEY@sakilacustomer.org','AD_387','2021-01-01','2021-01-01','A','PR_5','null');
insert into subscriber values(383,'MARTIN BALES',54703,'MARTIN.BALES@sakilacustomer.org','AD_388','2021-01-01','2021-01-01','A','null','null');
insert into subscriber values(384,'ERNEST STEPP',54704,'ERNEST.STEPP@sakilacustomer.org','AD_389','2021-01-01','2021-01-01','A','null','null');
insert into subscriber values(385,'PHILLIP HOLM',54705,'PHILLIP.HOLM@sakilacustomer.org','AD_390','2021-01-01','2021-01-01','A','null','PO_1');
insert into subscriber values(386,'TODD TAN',54706,'TODD.TAN@sakilacustomer.org','AD_391','2021-01-01','2021-01-01','A','null','PO_2');
insert into subscriber values(387,'JESSE SCHILLING',54707,'JESSE.SCHILLING@sakilacustomer.org','AD_392','2021-01-01','2021-01-01','A','null','PO_3');
insert into subscriber values(388,'CRAIG MORRELL',54708,'CRAIG.MORRELL@sakilacustomer.org','AD_393','2021-01-01','2021-01-01','A','null','PO_4');
insert into subscriber values(389,'ALAN KAHN',54709,'ALAN.KAHN@sakilacustomer.org','AD_394','2021-01-01','2021-01-01','A','null','PO_5');
insert into subscriber values(390,'SHAWN HEATON',54710,'SHAWN.HEATON@sakilacustomer.org','AD_395','2021-01-01','2021-01-01','A','PR_1','null');
insert into subscriber values(391,'CLARENCE GAMEZ',54711,'CLARENCE.GAMEZ@sakilacustomer.org','AD_396','2021-01-01','2021-01-01','A','PR_2','null');
insert into subscriber values(392,'SEAN DOUGLASS',54712,'SEAN.DOUGLASS@sakilacustomer.org','AD_397','2021-01-01','2021-01-01','A','PR_3','null');
insert into subscriber values(393,'PHILIP CAUSEY',54713,'PHILIP.CAUSEY@sakilacustomer.org','AD_398','2021-01-01','2021-01-01','A','PR_4','null');
insert into subscriber values(394,'CHRIS BROTHERS',54714,'CHRIS.BROTHERS@sakilacustomer.org','AD_399','2021-01-01','2021-01-01','A','PR_5','null');
insert into subscriber values(395,'JOHNNY TURPIN',54715,'JOHNNY.TURPIN@sakilacustomer.org','AD_400','2021-01-01','2021-01-01','A','null','null');
insert into subscriber values(396,'EARL SHANKS',54716,'EARL.SHANKS@sakilacustomer.org','AD_401','2021-01-01','2021-01-01','A','null','null');
insert into subscriber values(397,'JIMMY SCHRADER',54717,'JIMMY.SCHRADER@sakilacustomer.org','AD_402','2021-01-01','2021-01-01','A','null','PO_1');
insert into subscriber values(398,'ANTONIO MEEK',54718,'ANTONIO.MEEK@sakilacustomer.org','AD_403','2021-01-01','2021-01-01','A','null','PO_2');
insert into subscriber values(399,'DANNY ISOM',54719,'DANNY.ISOM@sakilacustomer.org','AD_404','2021-01-01','2021-01-01','A','null','PO_3');
insert into subscriber values(400,'BRYAN HARDISON',54720,'BRYAN.HARDISON@sakilacustomer.org','AD_405','2021-01-01','2021-01-01','A','null','PO_4');
insert into subscriber values(401,'TONY CARRANZA',54721,'TONY.CARRANZA@sakilacustomer.org','AD_406','2021-01-01','2021-01-01','A','null','PO_5');
insert into subscriber values(402,'LUIS YANEZ',54722,'LUIS.YANEZ@sakilacustomer.org','AD_407','2021-01-01','2021-01-01','A','PR_1','null');
insert into subscriber values(403,'MIKE WAY',54723,'MIKE.WAY@sakilacustomer.org','AD_408','2021-01-01','2021-01-01','A','PR_2','null');
insert into subscriber values(404,'STANLEY SCROGGINS',54724,'STANLEY.SCROGGINS@sakilacustomer.org','AD_409','2021-01-01','2021-01-01','A','PR_3','null');
insert into subscriber values(405,'LEONARD SCHOFIELD',54725,'LEONARD.SCHOFIELD@sakilacustomer.org','AD_410','2021-01-01','2021-01-01','A','PR_4','null');
insert into subscriber values(406,'NATHAN RUNYON',54726,'NATHAN.RUNYON@sakilacustomer.org','AD_411','2021-01-01','2021-01-01','A','PR_5','null');
insert into subscriber values(407,'DALE RATCLIFF',54727,'DALE.RATCLIFF@sakilacustomer.org','AD_412','2021-01-01','2021-01-01','A','null','null');
insert into subscriber values(408,'MANUEL MURRELL',54728,'MANUEL.MURRELL@sakilacustomer.org','AD_413','2021-01-01','2021-01-01','A','null','null');
insert into subscriber values(409,'RODNEY MOELLER',54729,'RODNEY.MOELLER@sakilacustomer.org','AD_414','2021-01-01','2021-01-01','A','null','PO_1');
insert into subscriber values(410,'CURTIS IRBY',54730,'CURTIS.IRBY@sakilacustomer.org','AD_415','2021-01-01','2021-01-01','A','null','PO_2');
insert into subscriber values(411,'NORMAN CURRIER',54731,'NORMAN.CURRIER@sakilacustomer.org','AD_416','2021-01-01','2021-01-01','A','null','PO_3');
insert into subscriber values(412,'ALLEN BUTTERFIELD',54732,'ALLEN.BUTTERFIELD@sakilacustomer.org','AD_417','2021-01-01','2021-01-01','A','null','PO_4');
insert into subscriber values(413,'MARVIN YEE',54733,'MARVIN.YEE@sakilacustomer.org','AD_418','2021-01-01','2021-01-01','A','null','PO_5');
insert into subscriber values(414,'VINCENT RALSTON',54734,'VINCENT.RALSTON@sakilacustomer.org','AD_419','2021-01-01','2021-01-01','A','PR_1','null');
insert into subscriber values(415,'GLENN PULLEN',54735,'GLENN.PULLEN@sakilacustomer.org','AD_420','2021-01-01','2021-01-01','A','PR_2','null');
insert into subscriber values(416,'JEFFERY PINSON',54736,'JEFFERY.PINSON@sakilacustomer.org','AD_421','2021-01-01','2021-01-01','A','PR_3','null');
insert into subscriber values(417,'TRAVIS ESTEP',54737,'TRAVIS.ESTEP@sakilacustomer.org','AD_422','2021-01-01','2021-01-01','A','PR_4','null');
insert into subscriber values(418,'JEFF EAST',54738,'JEFF.EAST@sakilacustomer.org','AD_423','2021-01-01','2021-01-01','A','PR_5','null');
insert into subscriber values(419,'CHAD CARBONE',54739,'CHAD.CARBONE@sakilacustomer.org','AD_424','2021-01-01','2021-01-01','A','null','null');
insert into subscriber values(420,'JACOB LANCE',54740,'JACOB.LANCE@sakilacustomer.org','AD_425','2021-01-01','2021-01-01','A','null','null');
insert into subscriber values(421,'LEE HAWKS',54741,'LEE.HAWKS@sakilacustomer.org','AD_426','2021-01-01','2021-01-01','A','null','PO_1');
insert into subscriber values(422,'MELVIN ELLINGTON',54742,'MELVIN.ELLINGTON@sakilacustomer.org','AD_427','2021-01-01','2021-01-01','A','null','PO_2');
insert into subscriber values(423,'ALFRED CASILLAS',54743,'ALFRED.CASILLAS@sakilacustomer.org','AD_428','2021-01-01','2021-01-01','A','null','PO_3');
insert into subscriber values(424,'KYLE SPURLOCK',54744,'KYLE.SPURLOCK@sakilacustomer.org','AD_429','2021-01-01','2021-01-01','A','null','PO_4');
insert into subscriber values(425,'FRANCIS SIKES',54745,'FRANCIS.SIKES@sakilacustomer.org','AD_430','2021-01-01','2021-01-01','A','null','PO_5');
insert into subscriber values(426,'BRADLEY MOTLEY',54746,'BRADLEY.MOTLEY@sakilacustomer.org','AD_431','2021-01-01','2021-01-01','A','PR_1','null');
insert into subscriber values(427,'JESUS MCCARTNEY',54747,'JESUS.MCCARTNEY@sakilacustomer.org','AD_432','2021-01-01','2021-01-01','A','PR_2','null');
insert into subscriber values(428,'HERBERT KRUGER',54748,'HERBERT.KRUGER@sakilacustomer.org','AD_433','2021-01-01','2021-01-01','A','PR_3','null');
insert into subscriber values(429,'FREDERICK ISBELL',54749,'FREDERICK.ISBELL@sakilacustomer.org','AD_434','2021-01-01','2021-01-01','A','PR_4','null');
insert into subscriber values(430,'RAY HOULE',54750,'RAY.HOULE@sakilacustomer.org','AD_435','2021-01-01','2021-01-01','A','PR_5','null');
insert into subscriber values(431,'JOEL FRANCISCO',54751,'JOEL.FRANCISCO@sakilacustomer.org','AD_436','2021-01-01','2021-01-01','A','null','null');
insert into subscriber values(432,'EDWIN BURK',54752,'EDWIN.BURK@sakilacustomer.org','AD_437','2021-01-01','2021-01-01','A','null','null');
insert into subscriber values(433,'DON BONE',54753,'DON.BONE@sakilacustomer.org','AD_438','2021-01-01','2021-01-01','A','null','PO_1');
insert into subscriber values(434,'EDDIE TOMLIN',54754,'EDDIE.TOMLIN@sakilacustomer.org','AD_439','2021-01-01','2021-01-01','A','null','PO_2');
insert into subscriber values(435,'RICKY SHELBY',54755,'RICKY.SHELBY@sakilacustomer.org','AD_440','2021-01-01','2021-01-01','A','null','PO_3');
insert into subscriber values(436,'TROY QUIGLEY',54756,'TROY.QUIGLEY@sakilacustomer.org','AD_441','2021-01-01','2021-01-01','A','null','PO_4');
insert into subscriber values(437,'RANDALL NEUMANN',54757,'RANDALL.NEUMANN@sakilacustomer.org','AD_442','2021-01-01','2021-01-01','A','null','PO_5');
insert into subscriber values(438,'BARRY LOVELACE',54758,'BARRY.LOVELACE@sakilacustomer.org','AD_443','2021-01-01','2021-01-01','A','PR_1','null');
insert into subscriber values(439,'ALEXANDER FENNELL',54759,'ALEXANDER.FENNELL@sakilacustomer.org','AD_444','2021-01-01','2021-01-01','A','PR_2','null');
insert into subscriber values(440,'BERNARD COLBY',54760,'BERNARD.COLBY@sakilacustomer.org','AD_445','2021-01-01','2021-01-01','A','PR_3','null');
insert into subscriber values(441,'MARIO CHEATHAM',54761,'MARIO.CHEATHAM@sakilacustomer.org','AD_446','2021-01-01','2021-01-01','A','PR_4','null');
insert into subscriber values(442,'LEROY BUSTAMANTE',54762,'LEROY.BUSTAMANTE@sakilacustomer.org','AD_447','2021-01-01','2021-01-01','A','PR_5','null');
insert into subscriber values(443,'FRANCISCO SKIDMORE',54763,'FRANCISCO.SKIDMORE@sakilacustomer.org','AD_448','2021-01-01','2021-01-01','A','null','null');
insert into subscriber values(444,'MARCUS HIDALGO',54764,'MARCUS.HIDALGO@sakilacustomer.org','AD_449','2021-01-01','2021-01-01','A','null','null');
insert into subscriber values(445,'MICHEAL FORMAN',54765,'MICHEAL.FORMAN@sakilacustomer.org','AD_450','2021-01-01','2021-01-01','A','null','PO_1');
insert into subscriber values(446,'THEODORE CULP',54766,'THEODORE.CULP@sakilacustomer.org','AD_451','2021-01-01','2021-01-01','A','null','PO_2');
insert into subscriber values(447,'CLIFFORD BOWENS',54767,'CLIFFORD.BOWENS@sakilacustomer.org','AD_452','2021-01-01','2021-01-01','A','null','PO_3');
insert into subscriber values(448,'MIGUEL BETANCOURT',54768,'MIGUEL.BETANCOURT@sakilacustomer.org','AD_453','2021-01-01','2021-01-01','A','null','PO_4');
insert into subscriber values(449,'OSCAR AQUINO',54769,'OSCAR.AQUINO@sakilacustomer.org','AD_454','2021-01-01','2021-01-01','A','null','PO_5');
insert into subscriber values(450,'JAY ROBB',54770,'JAY.ROBB@sakilacustomer.org','AD_455','2021-01-01','2021-01-01','A','PR_1','null');
insert into subscriber values(451,'JIM REA',54771,'JIM.REA@sakilacustomer.org','AD_456','2021-01-01','2021-01-01','A','PR_2','null');
insert into subscriber values(452,'TOM MILNER',54772,'TOM.MILNER@sakilacustomer.org','AD_457','2021-01-01','2021-01-01','A','PR_3','null');
insert into subscriber values(453,'CALVIN MARTEL',54773,'CALVIN.MARTEL@sakilacustomer.org','AD_458','2021-01-01','2021-01-01','A','PR_4','null');
insert into subscriber values(454,'ALEX GRESHAM',54774,'ALEX.GRESHAM@sakilacustomer.org','AD_459','2021-01-01','2021-01-01','A','PR_5','null');
insert into subscriber values(455,'JON WILES',54775,'JON.WILES@sakilacustomer.org','AD_460','2021-01-01','2021-01-01','A','null','null');
insert into subscriber values(456,'RONNIE RICKETTS',54776,'RONNIE.RICKETTS@sakilacustomer.org','AD_461','2021-01-01','2021-01-01','A','null','null');
insert into subscriber values(457,'BILL GAVIN',54777,'BILL.GAVIN@sakilacustomer.org','AD_462','2021-01-01','2021-01-01','A','null','PO_1');
insert into subscriber values(458,'LLOYD DOWD',54778,'LLOYD.DOWD@sakilacustomer.org','AD_463','2021-01-01','2021-01-01','A','null','PO_2');
insert into subscriber values(459,'TOMMY COLLAZO',54779,'TOMMY.COLLAZO@sakilacustomer.org','AD_464','2021-01-01','2021-01-01','A','null','PO_3');
insert into subscriber values(460,'LEON BOSTIC',54780,'LEON.BOSTIC@sakilacustomer.org','AD_465','2021-01-01','2021-01-01','A','null','PO_4');
insert into subscriber values(461,'DEREK BLAKELY',54781,'DEREK.BLAKELY@sakilacustomer.org','AD_466','2021-01-01','2021-01-01','A','null','PO_5');
insert into subscriber values(462,'WARREN SHERROD',54782,'WARREN.SHERROD@sakilacustomer.org','AD_467','2021-01-01','2021-01-01','A','PR_1','null');
insert into subscriber values(463,'DARRELL POWER',54783,'DARRELL.POWER@sakilacustomer.org','AD_468','2021-01-01','2021-01-01','A','PR_2','null');
insert into subscriber values(464,'JEROME KENYON',54784,'JEROME.KENYON@sakilacustomer.org','AD_469','2021-01-01','2021-01-01','A','PR_3','null');
insert into subscriber values(465,'FLOYD GANDY',54785,'FLOYD.GANDY@sakilacustomer.org','AD_470','2021-01-01','2021-01-01','A','PR_4','null');
insert into subscriber values(466,'LEO EBERT',54786,'LEO.EBERT@sakilacustomer.org','AD_471','2021-01-01','2021-01-01','A','PR_5','null');
insert into subscriber values(467,'ALVIN DELOACH',54787,'ALVIN.DELOACH@sakilacustomer.org','AD_472','2021-01-01','2021-01-01','A','null','null');
insert into subscriber values(468,'TIM CARY',54788,'TIM.CARY@sakilacustomer.org','AD_473','2021-01-01','2021-01-01','A','null','null');
insert into subscriber values(469,'WESLEY BULL',54789,'WESLEY.BULL@sakilacustomer.org','AD_474','2021-01-01','2021-01-01','A','null','PO_1');
insert into subscriber values(470,'GORDON ALLARD',54790,'GORDON.ALLARD@sakilacustomer.org','AD_475','2021-01-01','2021-01-01','A','null','PO_2');
insert into subscriber values(471,'DEAN SAUER',54791,'DEAN.SAUER@sakilacustomer.org','AD_476','2021-01-01','2021-01-01','A','null','PO_3');
insert into subscriber values(472,'GREG ROBINS',54792,'GREG.ROBINS@sakilacustomer.org','AD_477','2021-01-01','2021-01-01','A','null','PO_4');
insert into subscriber values(473,'JORGE OLIVARES',54793,'JORGE.OLIVARES@sakilacustomer.org','AD_478','2021-01-01','2021-01-01','A','null','PO_5');
insert into subscriber values(474,'DUSTIN GILLETTE',54794,'DUSTIN.GILLETTE@sakilacustomer.org','AD_479','2021-01-01','2021-01-01','A','PR_1','null');
insert into subscriber values(475,'PEDRO CHESTNUT',54795,'PEDRO.CHESTNUT@sakilacustomer.org','AD_480','2021-01-01','2021-01-01','A','PR_2','null');
insert into subscriber values(476,'DERRICK BOURQUE',54796,'DERRICK.BOURQUE@sakilacustomer.org','AD_481','2021-01-01','2021-01-01','A','PR_3','null');
insert into subscriber values(477,'DAN PAINE',54797,'DAN.PAINE@sakilacustomer.org','AD_482','2021-01-01','2021-01-01','A','PR_4','null');
insert into subscriber values(478,'LEWIS LYMAN',54798,'LEWIS.LYMAN@sakilacustomer.org','AD_483','2021-01-01','2021-01-01','A','PR_5','null');
insert into subscriber values(479,'ZACHARY HITE',54799,'ZACHARY.HITE@sakilacustomer.org','AD_484','2021-01-01','2021-01-01','A','null','null');
insert into subscriber values(480,'COREY HAUSER',54800,'COREY.HAUSER@sakilacustomer.org','AD_485','2021-01-01','2021-01-01','A','null','null');
insert into subscriber values(481,'HERMAN DEVORE',54801,'HERMAN.DEVORE@sakilacustomer.org','AD_486','2021-01-01','2021-01-01','A','null','PO_1');
insert into subscriber values(482,'MAURICE CRAWLEY',54802,'MAURICE.CRAWLEY@sakilacustomer.org','AD_487','2021-01-01','2021-01-01','A','null','PO_2');
insert into subscriber values(483,'VERNON CHAPA',54803,'VERNON.CHAPA@sakilacustomer.org','AD_488','2021-01-01','2021-01-01','A','null','PO_3');
insert into subscriber values(484,'ROBERTO VU',54804,'ROBERTO.VU@sakilacustomer.org','AD_489','2021-01-01','2021-01-01','A','null','PO_4');
insert into subscriber values(485,'CLYDE TOBIAS',54805,'CLYDE.TOBIAS@sakilacustomer.org','AD_490','2021-01-01','2021-01-01','A','null','PO_5');
insert into subscriber values(486,'GLEN TALBERT',54806,'GLEN.TALBERT@sakilacustomer.org','AD_491','2021-01-01','2021-01-01','A','PR_1','null');
insert into subscriber values(487,'HECTOR POINDEXTER',54807,'HECTOR.POINDEXTER@sakilacustomer.org','AD_492','2021-01-01','2021-01-01','A','PR_2','null');
insert into subscriber values(488,'SHANE MILLARD',54808,'SHANE.MILLARD@sakilacustomer.org','AD_493','2021-01-01','2021-01-01','A','PR_3','null');
insert into subscriber values(489,'RICARDO MEADOR',54809,'RICARDO.MEADOR@sakilacustomer.org','AD_494','2021-01-01','2021-01-01','A','PR_4','null');
insert into subscriber values(490,'SAM MCDUFFIE',54810,'SAM.MCDUFFIE@sakilacustomer.org','AD_495','2021-01-01','2021-01-01','A','PR_5','null');
insert into subscriber values(491,'RICK MATTOX',54811,'RICK.MATTOX@sakilacustomer.org','AD_496','2021-01-01','2021-01-01','A','null','null');
insert into subscriber values(492,'LESTER KRAUS',54812,'LESTER.KRAUS@sakilacustomer.org','AD_497','2021-01-01','2021-01-01','A','null','null');
insert into subscriber values(493,'BRENT HARKINS',54813,'BRENT.HARKINS@sakilacustomer.org','AD_498','2021-01-01','2021-01-01','A','null','PO_1');
insert into subscriber values(494,'RAMON CHOATE',54814,'RAMON.CHOATE@sakilacustomer.org','AD_499','2021-01-01','2021-01-01','A','null','PO_2');
insert into subscriber values(495,'CHARLIE BESS',54815,'CHARLIE.BESS@sakilacustomer.org','AD_500','2021-01-01','2021-01-01','A','null','PO_3');
insert into subscriber values(496,'TYLER WREN',54816,'TYLER.WREN@sakilacustomer.org','AD_501','2021-01-01','2021-01-01','A','null','PO_4');
insert into subscriber values(497,'GILBERT SLEDGE',54817,'GILBERT.SLEDGE@sakilacustomer.org','AD_502','2021-01-01','2021-01-01','A','null','PO_5');
insert into subscriber values(498,'GENE SANBORN',54818,'GENE.SANBORN@sakilacustomer.org','AD_503','2021-01-01','2021-01-01','A','PR_1','null');
insert into subscriber values(499,'MARC OUTLAW',54819,'MARC.OUTLAW@sakilacustomer.org','AD_504','2021-01-01','2021-01-01','A','PR_2','null');
insert into subscriber values(500,'REGINALD KINDER',54820,'REGINALD.KINDER@sakilacustomer.org','AD_505','2021-01-01','2021-01-01','A','PR_3','null');
insert into subscriber values(501,'RUBEN GEARY',54821,'RUBEN.GEARY@sakilacustomer.org','AD_506','2021-01-01','2021-01-01','A','PR_4','null');
insert into subscriber values(502,'BRETT CORNWELL',54822,'BRETT.CORNWELL@sakilacustomer.org','AD_507','2021-01-01','2021-01-01','A','PR_5','null');
insert into subscriber values(503,'ANGEL BARCLAY',54823,'ANGEL.BARCLAY@sakilacustomer.org','AD_508','2021-01-01','2021-01-01','A','null','null');
insert into subscriber values(504,'NATHANIEL ADAM',54824,'NATHANIEL.ADAM@sakilacustomer.org','AD_509','2021-01-01','2021-01-01','A','null','null');
insert into subscriber values(505,'RAFAEL ABNEY',54825,'RAFAEL.ABNEY@sakilacustomer.org','AD_510','2021-01-01','2021-01-01','A','null','PO_1');
insert into subscriber values(506,'LESLIE SEWARD',54826,'LESLIE.SEWARD@sakilacustomer.org','AD_511','2021-01-01','2021-01-01','A','null','PO_2');
insert into subscriber values(507,'EDGAR RHOADS',54827,'EDGAR.RHOADS@sakilacustomer.org','AD_512','2021-01-01','2021-01-01','A','null','PO_3');
insert into subscriber values(508,'MILTON HOWLAND',54828,'MILTON.HOWLAND@sakilacustomer.org','AD_513','2021-01-01','2021-01-01','A','null','PO_4');
insert into subscriber values(509,'RAUL FORTIER',54829,'RAUL.FORTIER@sakilacustomer.org','AD_514','2021-01-01','2021-01-01','A','null','PO_5');
insert into subscriber values(510,'BEN EASTER',54830,'BEN.EASTER@sakilacustomer.org','AD_515','2021-01-01','2021-01-01','A','PR_1','null');
insert into subscriber values(511,'CHESTER BENNER',54831,'CHESTER.BENNER@sakilacustomer.org','AD_516','2021-01-01','2021-01-01','A','PR_2','null');
insert into subscriber values(512,'CECIL VINES',54832,'CECIL.VINES@sakilacustomer.org','AD_517','2021-01-01','2021-01-01','A','PR_3','null');
insert into subscriber values(513,'DUANE TUBBS',54833,'DUANE.TUBBS@sakilacustomer.org','AD_519','2021-01-01','2021-01-01','A','PR_4','null');
insert into subscriber values(514,'FRANKLIN TROUTMAN',54834,'FRANKLIN.TROUTMAN@sakilacustomer.org','AD_520','2021-01-01','2021-01-01','A','PR_5','null');
insert into subscriber values(515,'ANDRE RAPP',54835,'ANDRE.RAPP@sakilacustomer.org','AD_521','2021-01-01','2021-01-01','A','null','null');
insert into subscriber values(516,'ELMER NOE',54836,'ELMER.NOE@sakilacustomer.org','AD_522','2021-01-01','2021-01-01','A','null','null');
insert into subscriber values(517,'BRAD MCCURDY',54837,'BRAD.MCCURDY@sakilacustomer.org','AD_523','2021-01-01','2021-01-01','A','null','PO_1');
insert into subscriber values(518,'GABRIEL HARDER',54838,'GABRIEL.HARDER@sakilacustomer.org','AD_524','2021-01-01','2021-01-01','A','null','PO_2');
insert into subscriber values(519,'RON DELUCA',54839,'RON.DELUCA@sakilacustomer.org','AD_525','2021-01-01','2021-01-01','A','null','PO_3');
insert into subscriber values(520,'MITCHELL WESTMORELAND',54840,'MITCHELL.WESTMORELAND@sakilacustomer.org','AD_526','2021-01-01','2021-01-01','A','null','PO_4');
insert into subscriber values(521,'ROLAND SOUTH',54841,'ROLAND.SOUTH@sakilacustomer.org','AD_527','2021-01-01','2021-01-01','A','null','PO_5');
insert into subscriber values(522,'ARNOLD HAVENS',54842,'ARNOLD.HAVENS@sakilacustomer.org','AD_528','2021-01-01','2021-01-01','A','PR_1','null');
insert into subscriber values(523,'HARVEY GUAJARDO',54843,'HARVEY.GUAJARDO@sakilacustomer.org','AD_529','2021-01-01','2021-01-01','A','PR_2','null');
insert into subscriber values(524,'JARED ELY',54844,'JARED.ELY@sakilacustomer.org','AD_530','2021-01-01','2021-01-01','A','PR_3','null');
insert into subscriber values(525,'ADRIAN CLARY',54845,'ADRIAN.CLARY@sakilacustomer.org','AD_531','2021-01-01','2021-01-01','A','PR_4','null');
insert into subscriber values(526,'KARL SEAL',54846,'KARL.SEAL@sakilacustomer.org','AD_532','2021-01-01','2021-01-01','A','PR_5','null');
insert into subscriber values(527,'CORY MEEHAN',54847,'CORY.MEEHAN@sakilacustomer.org','AD_533','2021-01-01','2021-01-01','A','null','null');
insert into subscriber values(528,'CLAUDE HERZOG',54848,'CLAUDE.HERZOG@sakilacustomer.org','AD_534','2021-01-01','2021-01-01','A','null','null');
insert into subscriber values(529,'ERIK GUILLEN',54849,'ERIK.GUILLEN@sakilacustomer.org','AD_535','2021-01-01','2021-01-01','A','null','PO_1');
insert into subscriber values(530,'DARRYL ASHCRAFT',54850,'DARRYL.ASHCRAFT@sakilacustomer.org','AD_536','2021-01-01','2021-01-01','A','null','PO_2');
insert into subscriber values(531,'JAMIE WAUGH',54851,'JAMIE.WAUGH@sakilacustomer.org','AD_537','2021-01-01','2021-01-01','A','null','PO_3');
insert into subscriber values(532,'NEIL RENNER',54852,'NEIL.RENNER@sakilacustomer.org','AD_538','2021-01-01','2021-01-01','A','null','PO_4');
insert into subscriber values(533,'JESSIE MILAM',54853,'JESSIE.MILAM@sakilacustomer.org','AD_539','2021-01-01','2021-01-01','A','null','PO_5');
insert into subscriber values(534,'CHRISTIAN JUNG',54854,'CHRISTIAN.JUNG@sakilacustomer.org','AD_540','2021-01-01','2021-01-01','A','PR_1','null');
insert into subscriber values(535,'JAVIER ELROD',54855,'JAVIER.ELROD@sakilacustomer.org','AD_541','2021-01-01','2021-01-01','A','PR_2','null');
insert into subscriber values(536,'FERNANDO CHURCHILL',54856,'FERNANDO.CHURCHILL@sakilacustomer.org','AD_542','2021-01-01','2021-01-01','A','PR_3','null');
insert into subscriber values(537,'CLINTON BUFORD',54857,'CLINTON.BUFORD@sakilacustomer.org','AD_543','2021-01-01','2021-01-01','A','PR_4','null');
insert into subscriber values(538,'TED BREAUX',54858,'TED.BREAUX@sakilacustomer.org','AD_544','2021-01-01','2021-01-01','A','PR_5','null');
insert into subscriber values(539,'MATHEW BOLIN',54859,'MATHEW.BOLIN@sakilacustomer.org','AD_545','2021-01-01','2021-01-01','A','null','null');
insert into subscriber values(540,'TYRONE ASHER',54860,'TYRONE.ASHER@sakilacustomer.org','AD_546','2021-01-01','2021-01-01','A','null','null');
insert into subscriber values(541,'DARREN WINDHAM',54861,'DARREN.WINDHAM@sakilacustomer.org','AD_547','2021-01-01','2021-01-01','A','null','PO_1');
insert into subscriber values(542,'LONNIE TIRADO',54862,'LONNIE.TIRADO@sakilacustomer.org','AD_548','2021-01-01','2021-01-01','A','null','PO_2');
insert into subscriber values(543,'LANCE PEMBERTON',54863,'LANCE.PEMBERTON@sakilacustomer.org','AD_549','2021-01-01','2021-01-01','A','null','PO_3');
insert into subscriber values(544,'CODY NOLEN',54864,'CODY.NOLEN@sakilacustomer.org','AD_550','2021-01-01','2021-01-01','A','null','PO_4');
insert into subscriber values(545,'JULIO NOLAND',54865,'JULIO.NOLAND@sakilacustomer.org','AD_551','2021-01-01','2021-01-01','A','null','PO_5');
insert into subscriber values(546,'KELLY KNOTT',54866,'KELLY.KNOTT@sakilacustomer.org','AD_552','2021-01-01','2021-01-01','A','PR_1','null');
insert into subscriber values(547,'KURT EMMONS',54867,'KURT.EMMONS@sakilacustomer.org','AD_553','2021-01-01','2021-01-01','A','PR_2','null');
insert into subscriber values(548,'ALLAN CORNISH',54868,'ALLAN.CORNISH@sakilacustomer.org','AD_554','2021-01-01','2021-01-01','A','PR_3','null');
insert into subscriber values(549,'NELSON CHRISTENSON',54869,'NELSON.CHRISTENSON@sakilacustomer.org','AD_555','2021-01-01','2021-01-01','A','PR_4','null');
insert into subscriber values(550,'GUY BROWNLEE',54870,'GUY.BROWNLEE@sakilacustomer.org','AD_556','2021-01-01','2021-01-01','A','PR_5','null');
insert into subscriber values(551,'CLAYTON BARBEE',54871,'CLAYTON.BARBEE@sakilacustomer.org','AD_557','2021-01-01','2021-01-01','A','null','null');
insert into subscriber values(552,'HUGH WALDROP',54872,'HUGH.WALDROP@sakilacustomer.org','AD_558','2021-01-01','2021-01-01','A','null','null');
insert into subscriber values(553,'MAX PITT',54873,'MAX.PITT@sakilacustomer.org','AD_559','2021-01-01','2021-01-01','A','null','PO_1');
insert into subscriber values(554,'DWAYNE OLVERA',54874,'DWAYNE.OLVERA@sakilacustomer.org','AD_560','2021-01-01','2021-01-01','A','null','PO_2');
insert into subscriber values(555,'DWIGHT LOMBARDI',54875,'DWIGHT.LOMBARDI@sakilacustomer.org','AD_561','2021-01-01','2021-01-01','A','null','PO_3');
insert into subscriber values(556,'ARMANDO GRUBER',54876,'ARMANDO.GRUBER@sakilacustomer.org','AD_562','2021-01-01','2021-01-01','A','null','PO_4');
insert into subscriber values(557,'FELIX GAFFNEY',54877,'FELIX.GAFFNEY@sakilacustomer.org','AD_563','2021-01-01','2021-01-01','A','null','PO_5');
insert into subscriber values(558,'JIMMIE EGGLESTON',54878,'JIMMIE.EGGLESTON@sakilacustomer.org','AD_564','2021-01-01','2021-01-01','A','PR_1','null');
insert into subscriber values(559,'EVERETT BANDA',54879,'EVERETT.BANDA@sakilacustomer.org','AD_565','2021-01-01','2021-01-01','A','PR_2','null');
insert into subscriber values(560,'JORDAN ARCHULETA',54880,'JORDAN.ARCHULETA@sakilacustomer.org','AD_566','2021-01-01','2021-01-01','A','PR_3','null');
insert into subscriber values(561,'IAN STILL',54881,'IAN.STILL@sakilacustomer.org','AD_567','2021-01-01','2021-01-01','A','PR_4','null');
insert into subscriber values(562,'WALLACE SLONE',54882,'WALLACE.SLONE@sakilacustomer.org','AD_568','2021-01-01','2021-01-01','A','PR_5','null');
insert into subscriber values(563,'KEN PREWITT',54883,'KEN.PREWITT@sakilacustomer.org','AD_569','2021-01-01','2021-01-01','A','null','null');
insert into subscriber values(564,'BOB PFEIFFER',54884,'BOB.PFEIFFER@sakilacustomer.org','AD_570','2021-01-01','2021-01-01','A','null','null');
insert into subscriber values(565,'JAIME NETTLES',54885,'JAIME.NETTLES@sakilacustomer.org','AD_571','2021-01-01','2021-01-01','A','null','PO_1');
insert into subscriber values(566,'CASEY MENA',54886,'CASEY.MENA@sakilacustomer.org','AD_572','2021-01-01','2021-01-01','A','null','PO_2');
insert into subscriber values(567,'ALFREDO MCADAMS',54887,'ALFREDO.MCADAMS@sakilacustomer.org','AD_573','2021-01-01','2021-01-01','A','null','PO_3');
insert into subscriber values(568,'ALBERTO HENNING',54888,'ALBERTO.HENNING@sakilacustomer.org','AD_574','2021-01-01','2021-01-01','A','null','PO_4');
insert into subscriber values(569,'DAVE GARDINER',54889,'DAVE.GARDINER@sakilacustomer.org','AD_575','2021-01-01','2021-01-01','A','null','PO_5');
insert into subscriber values(570,'IVAN CROMWELL',54890,'IVAN.CROMWELL@sakilacustomer.org','AD_576','2021-01-01','2021-01-01','A','PR_1','null');
insert into subscriber values(571,'JOHNNIE CHISHOLM',54891,'JOHNNIE.CHISHOLM@sakilacustomer.org','AD_577','2021-01-01','2021-01-01','A','PR_2','null');
insert into subscriber values(572,'SIDNEY BURLESON',54892,'SIDNEY.BURLESON@sakilacustomer.org','AD_578','2021-01-01','2021-01-01','A','PR_3','null');
insert into subscriber values(573,'BYRON BOX',54893,'BYRON.BOX@sakilacustomer.org','AD_579','2021-01-01','2021-01-01','A','PR_4','null');
insert into subscriber values(574,'JULIAN VEST',54894,'JULIAN.VEST@sakilacustomer.org','AD_580','2021-01-01','2021-01-01','A','PR_5','null');
insert into subscriber values(575,'ISAAC OGLESBY',54895,'ISAAC.OGLESBY@sakilacustomer.org','AD_581','2021-01-01','2021-01-01','A','null','null');
insert into subscriber values(576,'MORRIS MCCARTER',54896,'MORRIS.MCCARTER@sakilacustomer.org','AD_582','2021-01-01','2021-01-01','A','null','null');
insert into subscriber values(577,'CLIFTON MALCOLM',54897,'CLIFTON.MALCOLM@sakilacustomer.org','AD_583','2021-01-01','2021-01-01','A','null','PO_1');
insert into subscriber values(578,'WILLARD LUMPKIN',54898,'WILLARD.LUMPKIN@sakilacustomer.org','AD_584','2021-01-01','2021-01-01','A','null','PO_2');
insert into subscriber values(579,'DARYL LARUE',54899,'DARYL.LARUE@sakilacustomer.org','AD_585','2021-01-01','2021-01-01','A','null','PO_3');
insert into subscriber values(580,'ROSS GREY',54900,'ROSS.GREY@sakilacustomer.org','AD_586','2021-01-01','2021-01-01','A','null','PO_4');
insert into subscriber values(581,'VIRGIL WOFFORD',54901,'VIRGIL.WOFFORD@sakilacustomer.org','AD_587','2021-01-01','2021-01-01','A','null','PO_5');
insert into subscriber values(582,'ANDY VANHORN',54902,'ANDY.VANHORN@sakilacustomer.org','AD_588','2021-01-01','2021-01-01','A','PR_1','null');
insert into subscriber values(583,'MARSHALL THORN',54903,'MARSHALL.THORN@sakilacustomer.org','AD_589','2021-01-01','2021-01-01','A','PR_2','null');
insert into subscriber values(584,'SALVADOR TEEL',54904,'SALVADOR.TEEL@sakilacustomer.org','AD_590','2021-01-01','2021-01-01','A','PR_3','null');
insert into subscriber values(585,'PERRY SWAFFORD',54905,'PERRY.SWAFFORD@sakilacustomer.org','AD_591','2021-01-01','2021-01-01','A','PR_4','null');
insert into subscriber values(586,'KIRK STCLAIR',54906,'KIRK.STCLAIR@sakilacustomer.org','AD_592','2021-01-01','2021-01-01','A','PR_5','null');
insert into subscriber values(587,'SERGIO STANFIELD',54907,'SERGIO.STANFIELD@sakilacustomer.org','AD_593','2021-01-01','2021-01-01','A','null','null');
insert into subscriber values(588,'MARION OCAMPO',54908,'MARION.OCAMPO@sakilacustomer.org','AD_594','2021-01-01','2021-01-01','A','null','null');
insert into subscriber values(589,'TRACY HERRMANN',54909,'TRACY.HERRMANN@sakilacustomer.org','AD_595','2021-01-01','2021-01-01','A','null','PO_1');
insert into subscriber values(590,'SETH HANNON',54910,'SETH.HANNON@sakilacustomer.org','AD_596','2021-01-01','2021-01-01','A','null','PO_2');
insert into subscriber values(591,'KENT ARSENAULT',54911,'KENT.ARSENAULT@sakilacustomer.org','AD_597','2021-01-01','2021-01-01','A','null','PO_3');
insert into subscriber values(592,'TERRANCE ROUSH',54912,'TERRANCE.ROUSH@sakilacustomer.org','AD_598','2021-01-01','2021-01-01','A','null','PO_4');
insert into subscriber values(593,'RENE MCALISTER',54913,'RENE.MCALISTER@sakilacustomer.org','AD_599','2021-01-01','2021-01-01','A','null','PO_5');
insert into subscriber values(594,'EDUARDO HIATT',54914,'EDUARDO.HIATT@sakilacustomer.org','AD_600','2021-01-01','2021-01-01','A','PR_1','null');
insert into subscriber values(595,'TERRENCE GUNDERSON',54915,'TERRENCE.GUNDERSON@sakilacustomer.org','AD_601','2021-01-01','2021-01-01','A','PR_2','null');
insert into subscriber values(596,'ENRIQUE FORSYTHE',54916,'ENRIQUE.FORSYTHE@sakilacustomer.org','AD_602','2021-01-01','2021-01-01','A','PR_3','null');
insert into subscriber values(597,'FREDDIE DUGGAN',54917,'FREDDIE.DUGGAN@sakilacustomer.org','AD_603','2021-01-01','2021-01-01','A','PR_4','null');
insert into subscriber values(598,'WADE DELVALLE',54918,'WADE.DELVALLE@sakilacustomer.org','AD_604','2021-01-01','2021-01-01','A','PR_5','null');
insert into subscriber values(599,'AUSTIN CINTRON',54919,'AUSTIN.CINTRON@sakilacustomer.org','AD_605','2021-01-01','2021-01-01','A','null','null');
insert into subscriber values(600,'LAWSON JEANNE',54920,'LAWSON.JEANNE@customer.org','AD_5','2021-01-01','2021-01-01','A','null','null');
insert into subscriber values(601,'FIELDS VICKI',54921,'FIELDS.VICKI@customer.org','AD_6','2021-01-01','2021-01-01','A','null','PO_1');
insert into subscriber values(602,'GUTIERREZ CARLA',54922,'GUTIERREZ.CARLA@customer.org','AD_7','2021-01-01','2021-01-01','A','null','PO_2');
insert into subscriber values(603,'RYAN TARA',54923,'RYAN.TARA@customer.org','AD_8','2021-01-01','2021-01-01','A','null','PO_3');
insert into subscriber values(604,'SCHMIDT ROSEMARY',54924,'SCHMIDT.ROSEMARY@customer.org','AD_9','2021-01-01','2021-01-01','A','null','PO_4');
insert into subscriber values(605,'CARR EILEEN',54925,'CARR.EILEEN@customer.org','AD_10','2021-01-01','2021-01-01','A','null','PO_5');
insert into subscriber values(606,'VASQUEZ TERRI',54926,'VASQUEZ.TERRI@customer.org','AD_11','2021-01-01','2021-01-01','A','PR_1','null');
insert into subscriber values(607,'CASTILLO GERTRUDE',54927,'CASTILLO.GERTRUDE@customer.org','AD_12','2021-01-01','2021-01-01','A','PR_2','null');
insert into subscriber values(608,'WHEELER LUCY',54928,'WHEELER.LUCY@customer.org','AD_13','2021-01-01','2021-01-01','A','PR_3','null');
insert into subscriber values(609,'CHAPMAN TONYA',54929,'CHAPMAN.TONYA@customer.org','AD_14','2021-01-01','2021-01-01','A','PR_4','null');
insert into subscriber values(610,'OLIVER ELLA',54930,'OLIVER.ELLA@customer.org','AD_15','2021-01-01','2021-01-01','A','PR_5','null');
insert into subscriber values(611,'MONTGOMERY STACEY',54931,'MONTGOMERY.STACEY@customer.org','AD_16','2021-01-01','2021-01-01','A','null','null');
insert into subscriber values(612,'RICHARDS WILMA',54932,'RICHARDS.WILMA@customer.org','AD_17','2021-01-01','2021-01-01','A','null','null');
insert into subscriber values(613,'WILLIAMSON GINA',54933,'WILLIAMSON.GINA@customer.org','AD_18','2021-01-01','2021-01-01','A','null','PO_1');
insert into subscriber values(614,'JOHNSTON KRISTIN',54934,'JOHNSTON.KRISTIN@customer.org','AD_19','2021-01-01','2021-01-01','A','null','PO_2');
insert into subscriber values(615,'BANKS JESSIE',54935,'BANKS.JESSIE@customer.org','AD_20','2021-01-01','2021-01-01','A','null','PO_3');
insert into subscriber values(616,'MEYER NATALIE',54936,'MEYER.NATALIE@customer.org','AD_21','2021-01-01','2021-01-01','A','null','PO_4');
insert into subscriber values(617,'BISHOP AGNES',54937,'BISHOP.AGNES@customer.org','AD_22','2021-01-01','2021-01-01','A','null','PO_5');
insert into subscriber values(618,'MCCOY VERA',54938,'MCCOY.VERA@customer.org','AD_23','2021-01-01','2021-01-01','A','PR_1','null');
insert into subscriber values(619,'HOWELL WILLIE',54939,'HOWELL.WILLIE@customer.org','AD_24','2021-01-01','2021-01-01','A','PR_2','null');
insert into subscriber values(620,'ALVAREZ CHARLENE',54940,'ALVAREZ.CHARLENE@customer.org','AD_25','2021-01-01','2021-01-01','A','PR_3','null');
insert into subscriber values(621,'MORRISON BESSIE',54941,'MORRISON.BESSIE@customer.org','AD_26','2021-01-01','2021-01-01','A','PR_4','null');
insert into subscriber values(622,'HANSEN DELORES',54942,'HANSEN.DELORES@customer.org','AD_27','2021-01-01','2021-01-01','A','PR_5','null');
insert into subscriber values(623,'FERNANDEZ MELINDA',54943,'FERNANDEZ.MELINDA@customer.org','AD_28','2021-01-01','2021-01-01','A','null','null');
insert into subscriber values(624,'GARZA PEARL',54944,'GARZA.PEARL@customer.org','AD_29','2021-01-01','2021-01-01','A','null','null');
insert into subscriber values(625,'HARVEY ARLENE',54945,'HARVEY.ARLENE@customer.org','AD_30','2021-01-01','2021-01-01','A','null','PO_1');
insert into subscriber values(626,'LITTLE MAUREEN',54946,'LITTLE.MAUREEN@customer.org','AD_31','2021-01-01','2021-01-01','A','null','PO_2');
insert into subscriber values(627,'BURTON COLLEEN',54947,'BURTON.COLLEEN@customer.org','AD_32','2021-01-01','2021-01-01','A','null','PO_3');
insert into subscriber values(628,'STANLEY ALLISON',54948,'STANLEY.ALLISON@customer.org','AD_33','2021-01-01','2021-01-01','A','null','PO_4');
insert into subscriber values(629,'NGUYEN TAMARA',54949,'NGUYEN.TAMARA@customer.org','AD_34','2021-01-01','2021-01-01','A','null','PO_5');
insert into subscriber values(630,'GEORGE JOY',54950,'GEORGE.JOY@customer.org','AD_35','2021-01-01','2021-01-01','A','PR_1','null');
insert into subscriber values(631,'JACOBS GEORGIA',54951,'JACOBS.GEORGIA@customer.org','AD_36','2021-01-01','2021-01-01','A','PR_2','null');
insert into subscriber values(632,'REID CONSTANCE',54952,'REID.CONSTANCE@customer.org','AD_37','2021-01-01','2021-01-01','A','PR_3','null');
insert into subscriber values(633,'KIM LILLIE',54953,'KIM.LILLIE@customer.org','AD_38','2021-01-01','2021-01-01','A','PR_4','null');
insert into subscriber values(634,'FULLER CLAUDIA',54954,'FULLER.CLAUDIA@customer.org','AD_39','2021-01-01','2021-01-01','A','PR_5','null');
insert into subscriber values(635,'LYNCH JACKIE',54955,'LYNCH.JACKIE@customer.org','AD_40','2021-01-01','2021-01-01','A','null','null');
insert into subscriber values(636,'DEAN MARCIA',54956,'DEAN.MARCIA@customer.org','AD_41','2021-01-01','2021-01-01','A','null','null');
insert into subscriber values(637,'GILBERT TANYA',54957,'GILBERT.TANYA@customer.org','AD_42','2021-01-01','2021-01-01','A','null','PO_1');
insert into subscriber values(638,'GARRETT NELLIE',54958,'GARRETT.NELLIE@customer.org','AD_43','2021-01-01','2021-01-01','A','null','PO_2');
insert into subscriber values(639,'ROMERO MINNIE',54959,'ROMERO.MINNIE@customer.org','AD_44','2021-01-01','2021-01-01','A','null','PO_3');
insert into subscriber values(640,'WELCH MARLENE',54960,'WELCH.MARLENE@customer.org','AD_45','2021-01-01','2021-01-01','A','null','PO_4');
insert into subscriber values(641,'LARSON HEIDI',54961,'LARSON.HEIDI@customer.org','AD_46','2021-01-01','2021-01-01','A','null','PO_5');
insert into subscriber values(642,'FRAZIER GLENDA',54962,'FRAZIER.GLENDA@customer.org','AD_47','2021-01-01','2021-01-01','A','PR_1','null');
insert into subscriber values(643,'BURKE LYDIA',54963,'BURKE.LYDIA@customer.org','AD_48','2021-01-01','2021-01-01','A','PR_2','null');
insert into subscriber values(644,'HANSON VIOLA',54964,'HANSON.VIOLA@customer.org','AD_49','2021-01-01','2021-01-01','A','PR_3','null');
insert into subscriber values(645,'DAY COURTNEY',54965,'DAY.COURTNEY@customer.org','AD_50','2021-01-01','2021-01-01','A','PR_4','null');
insert into subscriber values(646,'MENDOZA MARIAN',54966,'MENDOZA.MARIAN@customer.org','AD_51','2021-01-01','2021-01-01','A','PR_5','null');
insert into subscriber values(647,'MORENO STELLA',54967,'MORENO.STELLA@customer.org','AD_52','2021-01-01','2021-01-01','A','null','null');
insert into subscriber values(648,'BOWMAN CAROLINE',54968,'BOWMAN.CAROLINE@customer.org','AD_53','2021-01-01','2021-01-01','A','null','null');
insert into subscriber values(649,'MEDINA DORA',54969,'MEDINA.DORA@customer.org','AD_54','2021-01-01','2021-01-01','A','null','PO_1');
insert into subscriber values(650,'FOWLER JO',54970,'FOWLER.JO@customer.org','AD_55','2021-01-01','2021-01-01','A','null','PO_2');
insert into subscriber values(651,'BREWER VICKIE',54971,'BREWER.VICKIE@customer.org','AD_56','2021-01-01','2021-01-01','A','null','PO_3');
insert into subscriber values(652,'HOFFMAN MATTIE',54972,'HOFFMAN.MATTIE@customer.org','AD_57','2021-01-01','2021-01-01','A','null','PO_4');
insert into subscriber values(653,'CARLSON TERRY',54973,'CARLSON.TERRY@customer.org','AD_58','2021-01-01','2021-01-01','A','null','PO_5');
insert into subscriber values(654,'SILVA MAXINE',54974,'SILVA.MAXINE@customer.org','AD_59','2021-01-01','2021-01-01','A','PR_1','null');
insert into subscriber values(655,'PEARSON IRMA',54975,'PEARSON.IRMA@customer.org','AD_60','2021-01-01','2021-01-01','A','PR_2','null');
insert into subscriber values(656,'HOLLAND MABEL',54976,'HOLLAND.MABEL@customer.org','AD_61','2021-01-01','2021-01-01','A','PR_3','null');
insert into subscriber values(657,'DOUGLAS MARSHA',54977,'DOUGLAS.MARSHA@customer.org','AD_62','2021-01-01','2021-01-01','A','PR_4','null');
insert into subscriber values(658,'FLEMING MYRTLE',54978,'FLEMING.MYRTLE@customer.org','AD_63','2021-01-01','2021-01-01','A','PR_5','null');
insert into subscriber values(659,'JENSEN LENA',54979,'JENSEN.LENA@customer.org','AD_64','2021-01-01','2021-01-01','A','null','null');
insert into subscriber values(660,'VARGAS CHRISTY',54980,'VARGAS.CHRISTY@customer.org','AD_65','2021-01-01','2021-01-01','A','null','null');
insert into subscriber values(661,'BYRD DEANNA',54981,'BYRD.DEANNA@customer.org','AD_66','2021-01-01','2021-01-01','A','null','PO_1');
insert into subscriber values(662,'DAVIDSON PATSY',54982,'DAVIDSON.PATSY@customer.org','AD_67','2021-01-01','2021-01-01','A','null','PO_2');
insert into subscriber values(663,'HOPKINS HILDA',54983,'HOPKINS.HILDA@customer.org','AD_68','2021-01-01','2021-01-01','A','null','PO_3');
insert into subscriber values(664,'MAY GWENDOLYN',54984,'MAY.GWENDOLYN@customer.org','AD_69','2021-01-01','2021-01-01','A','null','PO_4');
insert into subscriber values(665,'TERRY JENNIE',54985,'TERRY.JENNIE@customer.org','AD_70','2021-01-01','2021-01-01','A','null','PO_5');
insert into subscriber values(666,'HERRERA NORA',54986,'HERRERA.NORA@customer.org','AD_71','2021-01-01','2021-01-01','A','PR_1','null');
insert into subscriber values(667,'WADE MARGIE',54987,'WADE.MARGIE@customer.org','AD_72','2021-01-01','2021-01-01','A','PR_2','null');
insert into subscriber values(668,'SOTO NINA',54988,'SOTO.NINA@customer.org','AD_73','2021-01-01','2021-01-01','A','PR_3','null');
insert into subscriber values(669,'WALTERS CASSANDRA',54989,'WALTERS.CASSANDRA@customer.org','AD_74','2021-01-01','2021-01-01','A','PR_4','null');
insert into subscriber values(670,'CURTIS LEAH',54990,'CURTIS.LEAH@customer.org','AD_75','2021-01-01','2021-01-01','A','PR_5','null');
insert into subscriber values(671,'NEAL PENNY',54991,'NEAL.PENNY@customer.org','AD_76','2021-01-01','2021-01-01','A','null','null');
insert into subscriber values(672,'CALDWELL KAY',54992,'CALDWELL.KAY@customer.org','AD_77','2021-01-01','2021-01-01','A','null','null');
insert into subscriber values(673,'LOWE PRISCILLA',54993,'LOWE.PRISCILLA@customer.org','AD_78','2021-01-01','2021-01-01','A','null','PO_1');
insert into subscriber values(674,'JENNINGS NAOMI',54994,'JENNINGS.NAOMI@customer.org','AD_79','2021-01-01','2021-01-01','A','null','PO_2');
insert into subscriber values(675,'BARNETT CAROLE',54995,'BARNETT.CAROLE@customer.org','AD_80','2021-01-01','2021-01-01','A','null','PO_3');
insert into subscriber values(676,'GRAVES BRANDY',54996,'GRAVES.BRANDY@customer.org','AD_81','2021-01-01','2021-01-01','A','null','PO_4');
insert into subscriber values(677,'JIMENEZ OLGA',54997,'JIMENEZ.OLGA@customer.org','AD_82','2021-01-01','2021-01-01','A','null','PO_5');
insert into subscriber values(678,'HORTON BILLIE',54998,'HORTON.BILLIE@customer.org','AD_83','2021-01-01','2021-01-01','A','PR_1','null');
insert into subscriber values(679,'SHELTON DIANNE',54999,'SHELTON.DIANNE@customer.org','AD_84','2021-01-01','2021-01-01','A','PR_2','null');
insert into subscriber values(680,'BARRETT TRACEY',55000,'BARRETT.TRACEY@customer.org','AD_85','2021-01-01','2021-01-01','A','PR_3','null');
insert into subscriber values(681,'OBRIEN LEONA',55001,'OBRIEN.LEONA@customer.org','AD_86','2021-01-01','2021-01-01','A','PR_4','null');
insert into subscriber values(682,'CASTRO JENNY',55002,'CASTRO.JENNY@customer.org','AD_87','2021-01-01','2021-01-01','A','PR_5','null');
insert into subscriber values(683,'SUTTON FELICIA',55003,'SUTTON.FELICIA@customer.org','AD_88','2021-01-01','2021-01-01','A','null','null');
insert into subscriber values(684,'GREGORY SONIA',55004,'GREGORY.SONIA@customer.org','AD_89','2021-01-01','2021-01-01','A','null','null');
insert into subscriber values(685,'MCKINNEY MIRIAM',55005,'MCKINNEY.MIRIAM@customer.org','AD_90','2021-01-01','2021-01-01','A','null','PO_1');
insert into subscriber values(686,'LUCAS VELMA',55006,'LUCAS.VELMA@customer.org','AD_91','2021-01-01','2021-01-01','A','null','PO_2');
insert into subscriber values(687,'MILES BECKY',55007,'MILES.BECKY@customer.org','AD_92','2021-01-01','2021-01-01','A','null','PO_3');
insert into subscriber values(688,'CRAIG BOBBIE',55008,'CRAIG.BOBBIE@customer.org','AD_93','2021-01-01','2021-01-01','A','null','PO_4');
insert into subscriber values(689,'RODRIQUEZ VIOLET',55009,'RODRIQUEZ.VIOLET@customer.org','AD_94','2021-01-01','2021-01-01','A','null','PO_5');
insert into subscriber values(690,'CHAMBERS KRISTINA',55010,'CHAMBERS.KRISTINA@customer.org','AD_95','2021-01-01','2021-01-01','A','PR_1','null');
insert into subscriber values(691,'HOLT TONI',55011,'HOLT.TONI@customer.org','AD_96','2021-01-01','2021-01-01','A','PR_2','null');
insert into subscriber values(692,'LAMBERT MISTY',55012,'LAMBERT.MISTY@customer.org','AD_97','2021-01-01','2021-01-01','A','PR_3','null');
insert into subscriber values(693,'FLETCHER MAE',55013,'FLETCHER.MAE@customer.org','AD_98','2021-01-01','2021-01-01','A','PR_4','null');
insert into subscriber values(694,'WATTS SHELLY',55014,'WATTS.SHELLY@customer.org','AD_99','2021-01-01','2021-01-01','A','PR_5','null');
insert into subscriber values(695,'BATES DAISY',55015,'BATES.DAISY@customer.org','AD_100','2021-01-01','2021-01-01','A','null','null');
insert into subscriber values(696,'HALE RAMONA',55016,'HALE.RAMONA@customer.org','AD_101','2021-01-01','2021-01-01','A','null','null');
insert into subscriber values(697,'RHODES SHERRI',55017,'RHODES.SHERRI@customer.org','AD_102','2021-01-01','2021-01-01','A','null','PO_1');
insert into subscriber values(698,'PENA ERIKA',55018,'PENA.ERIKA@customer.org','AD_103','2021-01-01','2021-01-01','A','null','PO_2');
insert into subscriber values(699,'GANNON JAMES',55019,'GANNON.JAMES@customer.org','AD_104','2021-01-01','2021-01-01','A','null','PO_3');
insert into subscriber values(700,'FARNSWORTH JOHN',55020,'FARNSWORTH.JOHN@customer.org','AD_105','2021-01-01','2021-01-01','A','null','PO_4');
insert into subscriber values(701,'BAUGHMAN ROBERT',55021,'BAUGHMAN.ROBERT@customer.org','AD_106','2021-01-01','2021-01-01','A','null','PO_5');
insert into subscriber values(702,'SILVERMAN MICHAEL',55022,'SILVERMAN.MICHAEL@customer.org','AD_107','2021-01-01','2021-01-01','A','PR_1','null');
insert into subscriber values(703,'SATTERFIELD WILLIAM',55023,'SATTERFIELD.WILLIAM@customer.org','AD_108','2021-01-01','2021-01-01','A','PR_2','null');
insert into subscriber values(704,'ROYAL DAVID',55024,'ROYAL.DAVID@customer.org','AD_109','2021-01-01','2021-01-01','A','PR_3','null');
insert into subscriber values(705,'MCCRARY RICHARD',55025,'MCCRARY.RICHARD@customer.org','AD_110','2021-01-01','2021-01-01','A','PR_4','null');
insert into subscriber values(706,'KOWALSKI CHARLES',55026,'KOWALSKI.CHARLES@customer.org','AD_111','2021-01-01','2021-01-01','A','PR_5','null');
insert into subscriber values(707,'JOY JOSEPH',55027,'JOY.JOSEPH@customer.org','AD_112','2021-01-01','2021-01-01','A','null','null');
insert into subscriber values(708,'GRIGSBY THOMAS',55028,'GRIGSBY.THOMAS@customer.org','AD_113','2021-01-01','2021-01-01','A','null','null');
insert into subscriber values(709,'GRECO CHRISTOPHER',55029,'GRECO.CHRISTOPHER@customer.org','AD_114','2021-01-01','2021-01-01','A','null','PO_1');
insert into subscriber values(710,'CABRAL DANIEL',55030,'CABRAL.DANIEL@customer.org','AD_115','2021-01-01','2021-01-01','A','null','PO_2');
insert into subscriber values(711,'TROUT PAUL',55031,'TROUT.PAUL@customer.org','AD_116','2021-01-01','2021-01-01','A','null','PO_3');
insert into subscriber values(712,'RINEHART MARK',55032,'RINEHART.MARK@customer.org','AD_117','2021-01-01','2021-01-01','A','null','PO_4');
insert into subscriber values(713,'MAHON DONALD',55033,'MAHON.DONALD@customer.org','AD_118','2021-01-01','2021-01-01','A','null','PO_5');
insert into subscriber values(714,'LINTON GEORGE',55034,'LINTON.GEORGE@customer.org','AD_119','2021-01-01','2021-01-01','A','PR_1','null');
insert into subscriber values(715,'GOODEN KENNETH',55035,'GOODEN.KENNETH@customer.org','AD_120','2021-01-01','2021-01-01','A','PR_2','null');
insert into subscriber values(716,'CURLEY STEVEN',55036,'CURLEY.STEVEN@customer.org','AD_121','2021-01-01','2021-01-01','A','PR_3','null');
insert into subscriber values(717,'BAUGH EDWARD',55037,'BAUGH.EDWARD@customer.org','AD_122','2021-01-01','2021-01-01','A','PR_4','null');
insert into subscriber values(718,'WYMAN BRIAN',55038,'WYMAN.BRIAN@customer.org','AD_123','2021-01-01','2021-01-01','A','PR_5','null');
insert into subscriber values(719,'WEINER RONALD',55039,'WEINER.RONALD@customer.org','AD_124','2021-01-01','2021-01-01','A','null','null');
insert into subscriber values(720,'SCHWAB ANTHONY',55040,'SCHWAB.ANTHONY@customer.org','AD_125','2021-01-01','2021-01-01','A','null','null');
insert into subscriber values(721,'SCHULER KEVIN',55041,'SCHULER.KEVIN@customer.org','AD_126','2021-01-01','2021-01-01','A','null','PO_1');
insert into subscriber values(722,'MORRISSEY JASON',55042,'MORRISSEY.JASON@customer.org','AD_127','2021-01-01','2021-01-01','A','null','PO_2');
insert into subscriber values(723,'MAHAN MATTHEW',55043,'MAHAN.MATTHEW@customer.org','AD_128','2021-01-01','2021-01-01','A','null','PO_3');
insert into subscriber values(724,'COY GARY',55044,'COY.GARY@customer.org','AD_129','2021-01-01','2021-01-01','A','null','PO_4');
insert into subscriber values(725,'BUNN TIMOTHY',55045,'BUNN.TIMOTHY@customer.org','AD_130','2021-01-01','2021-01-01','A','null','PO_5');
insert into subscriber values(726,'ANDREW JOSE',55046,'ANDREW.JOSE@customer.org','AD_131','2021-01-01','2021-01-01','A','PR_1','null');
insert into subscriber values(727,'THRASHER LARRY',55047,'THRASHER.LARRY@customer.org','AD_132','2021-01-01','2021-01-01','A','PR_2','null');
insert into subscriber values(728,'SPEAR JEFFREY',55048,'SPEAR.JEFFREY@customer.org','AD_133','2021-01-01','2021-01-01','A','PR_3','null');
insert into subscriber values(729,'WAGGONER FRANK',55049,'WAGGONER.FRANK@customer.org','AD_134','2021-01-01','2021-01-01','A','PR_4','null');
insert into subscriber values(730,'SHELLEY SCOTT',55050,'SHELLEY.SCOTT@customer.org','AD_135','2021-01-01','2021-01-01','A','PR_5','null');
insert into subscriber values(731,'ROBERT ERIC',55051,'ROBERT.ERIC@customer.org','AD_136','2021-01-01','2021-01-01','A','null','null');
insert into subscriber values(732,'QUALLS STEPHEN',55052,'QUALLS.STEPHEN@customer.org','AD_137','2021-01-01','2021-01-01','A','null','null');
insert into subscriber values(733,'PURDY ANDREW',55053,'PURDY.ANDREW@customer.org','AD_138','2021-01-01','2021-01-01','A','null','PO_1');
insert into subscriber values(734,'MCWHORTER RAYMOND',55054,'MCWHORTER.RAYMOND@customer.org','AD_139','2021-01-01','2021-01-01','A','null','PO_2');
insert into subscriber values(735,'MAULDIN GREGORY',55055,'MAULDIN.GREGORY@customer.org','AD_140','2021-01-01','2021-01-01','A','null','PO_3');
insert into subscriber values(736,'MARK JOSHUA',55056,'MARK.JOSHUA@customer.org','AD_141','2021-01-01','2021-01-01','A','null','PO_4');
insert into subscriber values(737,'JORDON JERRY',55057,'JORDON.JERRY@customer.org','AD_142','2021-01-01','2021-01-01','A','null','PO_5');
insert into subscriber values(738,'GILMAN DENNIS',55058,'GILMAN.DENNIS@customer.org','AD_143','2021-01-01','2021-01-01','A','PR_1','null');
insert into subscriber values(739,'PERRYMAN WALTER',55059,'PERRYMAN.WALTER@customer.org','AD_144','2021-01-01','2021-01-01','A','PR_2','null');
insert into subscriber values(740,'NEWSOM PATRICK',55060,'NEWSOM.PATRICK@customer.org','AD_145','2021-01-01','2021-01-01','A','PR_3','null');
insert into subscriber values(741,'MENARD PETER',55061,'MENARD.PETER@customer.org','AD_146','2021-01-01','2021-01-01','A','PR_4','null');
insert into subscriber values(742,'MARTINO HAROLD',55062,'MARTINO.HAROLD@customer.org','AD_147','2021-01-01','2021-01-01','A','PR_5','null');
insert into subscriber values(743,'GRAF DOUGLAS',55063,'GRAF.DOUGLAS@customer.org','AD_148','2021-01-01','2021-01-01','A','null','null');
insert into subscriber values(744,'BILLINGSLEY HENRY',55064,'BILLINGSLEY.HENRY@customer.org','AD_149','2021-01-01','2021-01-01','A','null','null');
insert into subscriber values(745,'ARTIS CARL',55065,'ARTIS.CARL@customer.org','AD_150','2021-01-01','2021-01-01','A','null','PO_1');
insert into subscriber values(746,'SIMPKINS ARTHUR',55066,'SIMPKINS.ARTHUR@customer.org','AD_151','2021-01-01','2021-01-01','A','null','PO_2');
insert into subscriber values(747,'SALISBURY RYAN',55067,'SALISBURY.RYAN@customer.org','AD_152','2021-01-01','2021-01-01','A','null','PO_3');
insert into subscriber values(748,'QUINTANILLA ROGER',55068,'QUINTANILLA.ROGER@customer.org','AD_153','2021-01-01','2021-01-01','A','null','PO_4');
insert into subscriber values(749,'GILLILAND JOE',55069,'GILLILAND.JOE@customer.org','AD_154','2021-01-01','2021-01-01','A','null','PO_5');
insert into subscriber values(750,'FRALEY JUAN',55070,'FRALEY.JUAN@customer.org','AD_155','2021-01-01','2021-01-01','A','PR_1','null');
insert into subscriber values(751,'FOUST JACK',55071,'FOUST.JACK@customer.org','AD_156','2021-01-01','2021-01-01','A','PR_2','null');
insert into subscriber values(752,'CROUSE ALBERT',55072,'CROUSE.ALBERT@customer.org','AD_157','2021-01-01','2021-01-01','A','PR_3','null');
insert into subscriber values(753,'SCARBOROUGH JONATHAN',55073,'SCARBOROUGH.JONATHAN@customer.org','AD_158','2021-01-01','2021-01-01','A','PR_4','null');
insert into subscriber values(754,'NGO JUSTIN',55074,'NGO.JUSTIN@customer.org','AD_159','2021-01-01','2021-01-01','A','PR_5','null');
insert into subscriber values(755,'GRISSOM TERRY',55075,'GRISSOM.TERRY@customer.org','AD_160','2021-01-01','2021-01-01','A','null','null');
insert into subscriber values(756,'FULTZ GERALD',55076,'FULTZ.GERALD@customer.org','AD_161','2021-01-01','2021-01-01','A','null','null');
insert into subscriber values(757,'RICO KEITH',55077,'RICO.KEITH@customer.org','AD_162','2021-01-01','2021-01-01','A','null','PO_1');
insert into subscriber values(758,'MARLOW SAMUEL',55078,'MARLOW.SAMUEL@customer.org','AD_163','2021-01-01','2021-01-01','A','null','PO_2');
insert into subscriber values(759,'MARKHAM WILLIE',55079,'MARKHAM.WILLIE@customer.org','AD_164','2021-01-01','2021-01-01','A','null','PO_3');
insert into subscriber values(760,'MADRIGAL RALPH',55080,'MADRIGAL.RALPH@customer.org','AD_165','2021-01-01','2021-01-01','A','null','PO_4');
insert into subscriber values(761,'LAWTON LAWRENCE',55081,'LAWTON.LAWRENCE@customer.org','AD_166','2021-01-01','2021-01-01','A','null','PO_5');
insert into subscriber values(762,'BARFIELD NICHOLAS',55082,'BARFIELD.NICHOLAS@customer.org','AD_167','2021-01-01','2021-01-01','A','PR_1','null');
insert into subscriber values(763,'WHITING ROY',55083,'WHITING.ROY@customer.org','AD_168','2021-01-01','2021-01-01','A','PR_2','null');
insert into subscriber values(764,'VARNEY BENJAMIN',55084,'VARNEY.BENJAMIN@customer.org','AD_169','2021-01-01','2021-01-01','A','PR_3','null');
insert into subscriber values(765,'SCHWARZ BRUCE',55085,'SCHWARZ.BRUCE@customer.org','AD_170','2021-01-01','2021-01-01','A','PR_4','null');
insert into subscriber values(766,'HUEY BRANDON',55086,'HUEY.BRANDON@customer.org','AD_171','2021-01-01','2021-01-01','A','PR_5','null');
insert into subscriber values(767,'GOOCH ADAM',55087,'GOOCH.ADAM@customer.org','AD_172','2021-01-01','2021-01-01','A','null','null');
insert into subscriber values(768,'ARCE HARRY',55088,'ARCE.HARRY@customer.org','AD_173','2021-01-01','2021-01-01','A','null','null');
insert into subscriber values(769,'WHEAT FRED',55089,'WHEAT.FRED@customer.org','AD_174','2021-01-01','2021-01-01','A','null','PO_1');
insert into subscriber values(770,'TRUONG WAYNE',55090,'TRUONG.WAYNE@customer.org','AD_175','2021-01-01','2021-01-01','A','null','PO_2');
insert into subscriber values(771,'POULIN BILLY',55091,'POULIN.BILLY@customer.org','AD_176','2021-01-01','2021-01-01','A','null','PO_3');
insert into subscriber values(772,'MACKENZIE STEVE',55092,'MACKENZIE.STEVE@customer.org','AD_177','2021-01-01','2021-01-01','A','null','PO_4');
insert into subscriber values(773,'LEONE LOUIS',55093,'LEONE.LOUIS@customer.org','AD_178','2021-01-01','2021-01-01','A','null','PO_5');
insert into subscriber values(774,'HURTADO JEREMY',55094,'HURTADO.JEREMY@customer.org','AD_179','2021-01-01','2021-01-01','A','PR_1','null');
insert into subscriber values(775,'SELBY AARON',55095,'SELBY.AARON@customer.org','AD_180','2021-01-01','2021-01-01','A','PR_2','null');
insert into subscriber values(776,'GAITHER RANDY',55096,'GAITHER.RANDY@customer.org','AD_181','2021-01-01','2021-01-01','A','PR_3','null');
insert into subscriber values(777,'FORTNER HOWARD',55097,'FORTNER.HOWARD@customer.org','AD_182','2021-01-01','2021-01-01','A','PR_4','null');
insert into subscriber values(778,'CULPEPPER EUGENE',55098,'CULPEPPER.EUGENE@customer.org','AD_183','2021-01-01','2021-01-01','A','PR_5','null');
insert into subscriber values(779,'COUGHLIN CARLOS',55099,'COUGHLIN.CARLOS@customer.org','AD_184','2021-01-01','2021-01-01','A','null','null');
insert into subscriber values(780,'BRINSON RUSSELL',55100,'BRINSON.RUSSELL@customer.org','AD_185','2021-01-01','2021-01-01','A','null','null');
insert into subscriber values(781,'BOUDREAU BOBBY',55101,'BOUDREAU.BOBBY@customer.org','AD_186','2021-01-01','2021-01-01','A','null','PO_1');
insert into subscriber values(782,'BARKLEY VICTOR',55102,'BARKLEY.VICTOR@customer.org','AD_187','2021-01-01','2021-01-01','A','null','PO_2');
insert into subscriber values(783,'BALES MARTIN',55103,'BALES.MARTIN@customer.org','AD_188','2021-01-01','2021-01-01','A','null','PO_3');
insert into subscriber values(784,'STEPP ERNEST',55104,'STEPP.ERNEST@customer.org','AD_189','2021-01-01','2021-01-01','A','null','PO_4');
insert into subscriber values(785,'HOLM PHILLIP',55105,'HOLM.PHILLIP@customer.org','AD_190','2021-01-01','2021-01-01','A','null','PO_5');
insert into subscriber values(786,'TAN TODD',55106,'TAN.TODD@customer.org','AD_191','2021-01-01','2021-01-01','A','PR_1','null');
insert into subscriber values(787,'SCHILLING JESSE',55107,'SCHILLING.JESSE@customer.org','AD_192','2021-01-01','2021-01-01','A','PR_2','null');
insert into subscriber values(788,'MORRELL CRAIG',55108,'MORRELL.CRAIG@customer.org','AD_193','2021-01-01','2021-01-01','A','PR_3','null');
insert into subscriber values(789,'KAHN ALAN',55109,'KAHN.ALAN@customer.org','AD_194','2021-01-01','2021-01-01','A','PR_4','null');
insert into subscriber values(790,'HEATON SHAWN',55110,'HEATON.SHAWN@customer.org','AD_195','2021-01-01','2021-01-01','A','PR_5','null');
insert into subscriber values(791,'GAMEZ CLARENCE',55111,'GAMEZ.CLARENCE@customer.org','AD_196','2021-01-01','2021-01-01','A','null','null');
insert into subscriber values(792,'DOUGLASS SEAN',55112,'DOUGLASS.SEAN@customer.org','AD_197','2021-01-01','2021-01-01','A','null','null');
insert into subscriber values(793,'CAUSEY PHILIP',55113,'CAUSEY.PHILIP@customer.org','AD_198','2021-01-01','2021-01-01','A','null','PO_1');
insert into subscriber values(794,'BROTHERS CHRIS',55114,'BROTHERS.CHRIS@customer.org','AD_199','2021-01-01','2021-01-01','A','null','PO_2');
insert into subscriber values(795,'TURPIN JOHNNY',55115,'TURPIN.JOHNNY@customer.org','AD_200','2021-01-01','2021-01-01','A','null','PO_3');
insert into subscriber values(796,'SHANKS EARL',55116,'SHANKS.EARL@customer.org','AD_201','2021-01-01','2021-01-01','A','null','PO_4');
insert into subscriber values(797,'SCHRADER JIMMY',55117,'SCHRADER.JIMMY@customer.org','AD_202','2021-01-01','2021-01-01','A','null','PO_5');
insert into subscriber values(798,'MEEK ANTONIO',55118,'MEEK.ANTONIO@customer.org','AD_203','2021-01-01','2021-01-01','A','PR_1','null');
insert into subscriber values(799,'ISOM DANNY',55119,'ISOM.DANNY@customer.org','AD_204','2021-01-01','2021-01-01','A','PR_2','null');
insert into subscriber values(800,'HARDISON BRYAN',55120,'HARDISON.BRYAN@customer.org','AD_205','2021-01-01','2021-01-01','A','PR_3','null');
insert into subscriber values(801,'CARRANZA TONY',55121,'CARRANZA.TONY@customer.org','AD_206','2021-01-01','2021-01-01','A','PR_4','null');
insert into subscriber values(802,'YANEZ LUIS',55122,'YANEZ.LUIS@customer.org','AD_207','2021-01-01','2021-01-01','A','PR_5','null');
insert into subscriber values(803,'WAY MIKE',55123,'WAY.MIKE@customer.org','AD_208','2021-01-01','2021-01-01','A','null','null');
insert into subscriber values(804,'SCROGGINS STANLEY',55124,'SCROGGINS.STANLEY@customer.org','AD_209','2021-01-01','2021-01-01','A','null','null');
insert into subscriber values(805,'SCHOFIELD LEONARD',55125,'SCHOFIELD.LEONARD@customer.org','AD_210','2021-01-01','2021-01-01','A','null','PO_1');
insert into subscriber values(806,'RUNYON NATHAN',55126,'RUNYON.NATHAN@customer.org','AD_211','2021-01-01','2021-01-01','A','null','PO_2');
insert into subscriber values(807,'RATCLIFF DALE',55127,'RATCLIFF.DALE@customer.org','AD_212','2021-01-01','2021-01-01','A','null','PO_3');
insert into subscriber values(808,'MURRELL MANUEL',55128,'MURRELL.MANUEL@customer.org','AD_213','2021-01-01','2021-01-01','A','null','PO_4');
insert into subscriber values(809,'MOELLER RODNEY',55129,'MOELLER.RODNEY@customer.org','AD_214','2021-01-01','2021-01-01','A','null','PO_5');
insert into subscriber values(810,'IRBY CURTIS',55130,'IRBY.CURTIS@customer.org','AD_215','2021-01-01','2021-01-01','A','PR_1','null');
insert into subscriber values(811,'CURRIER NORMAN',55131,'CURRIER.NORMAN@customer.org','AD_216','2021-01-01','2021-01-01','A','PR_2','null');
insert into subscriber values(812,'BUTTERFIELD ALLEN',55132,'BUTTERFIELD.ALLEN@customer.org','AD_217','2021-01-01','2021-01-01','A','PR_3','null');
insert into subscriber values(813,'YEE MARVIN',55133,'YEE.MARVIN@customer.org','AD_218','2021-01-01','2021-01-01','A','PR_4','null');
insert into subscriber values(814,'RALSTON VINCENT',55134,'RALSTON.VINCENT@customer.org','AD_219','2021-01-01','2021-01-01','A','PR_5','null');
insert into subscriber values(815,'PULLEN GLENN',55135,'PULLEN.GLENN@customer.org','AD_220','2021-01-01','2021-01-01','A','null','null');
insert into subscriber values(816,'PINSON JEFFERY',55136,'PINSON.JEFFERY@customer.org','AD_221','2021-01-01','2021-01-01','A','null','null');
insert into subscriber values(817,'ESTEP TRAVIS',55137,'ESTEP.TRAVIS@customer.org','AD_222','2021-01-01','2021-01-01','A','null','PO_1');
insert into subscriber values(818,'EAST JEFF',55138,'EAST.JEFF@customer.org','AD_223','2021-01-01','2021-01-01','A','null','PO_2');
insert into subscriber values(819,'CARBONE CHAD',55139,'CARBONE.CHAD@customer.org','AD_224','2021-01-01','2021-01-01','A','null','PO_3');
insert into subscriber values(820,'LANCE JACOB',55140,'LANCE.JACOB@customer.org','AD_225','2021-01-01','2021-01-01','A','null','PO_4');
insert into subscriber values(821,'HAWKS LEE',55141,'HAWKS.LEE@customer.org','AD_226','2021-01-01','2021-01-01','A','null','PO_5');
insert into subscriber values(822,'ELLINGTON MELVIN',55142,'ELLINGTON.MELVIN@customer.org','AD_227','2021-01-01','2021-01-01','A','PR_1','null');
insert into subscriber values(823,'CASILLAS ALFRED',55143,'CASILLAS.ALFRED@customer.org','AD_228','2021-01-01','2021-01-01','A','PR_2','null');
insert into subscriber values(824,'SPURLOCK KYLE',55144,'SPURLOCK.KYLE@customer.org','AD_229','2021-01-01','2021-01-01','A','PR_3','null');
insert into subscriber values(825,'SIKES FRANCIS',55145,'SIKES.FRANCIS@customer.org','AD_230','2021-01-01','2021-01-01','A','PR_4','null');
insert into subscriber values(826,'MOTLEY BRADLEY',55146,'MOTLEY.BRADLEY@customer.org','AD_231','2021-01-01','2021-01-01','A','PR_5','null');
insert into subscriber values(827,'MCCARTNEY JESUS',55147,'MCCARTNEY.JESUS@customer.org','AD_232','2021-01-01','2021-01-01','A','null','null');
insert into subscriber values(828,'KRUGER HERBERT',55148,'KRUGER.HERBERT@customer.org','AD_233','2021-01-01','2021-01-01','A','null','null');
insert into subscriber values(829,'ISBELL FREDERICK',55149,'ISBELL.FREDERICK@customer.org','AD_234','2021-01-01','2021-01-01','A','null','PO_1');
insert into subscriber values(830,'HOULE RAY',55150,'HOULE.RAY@customer.org','AD_235','2021-01-01','2021-01-01','A','null','PO_2');
insert into subscriber values(831,'FRANCISCO JOEL',55151,'FRANCISCO.JOEL@customer.org','AD_236','2021-01-01','2021-01-01','A','null','PO_3');
insert into subscriber values(832,'BURK EDWIN',55152,'BURK.EDWIN@customer.org','AD_237','2021-01-01','2021-01-01','A','null','PO_4');
insert into subscriber values(833,'BONE DON',55153,'BONE.DON@customer.org','AD_238','2021-01-01','2021-01-01','A','null','PO_5');
insert into subscriber values(834,'TOMLIN EDDIE',55154,'TOMLIN.EDDIE@customer.org','AD_239','2021-01-01','2021-01-01','A','PR_1','null');
insert into subscriber values(835,'SHELBY RICKY',55155,'SHELBY.RICKY@customer.org','AD_240','2021-01-01','2021-01-01','A','PR_2','null');
insert into subscriber values(836,'QUIGLEY TROY',55156,'QUIGLEY.TROY@customer.org','AD_241','2021-01-01','2021-01-01','A','PR_3','null');
insert into subscriber values(837,'NEUMANN RANDALL',55157,'NEUMANN.RANDALL@customer.org','AD_242','2021-01-01','2021-01-01','A','PR_4','null');
insert into subscriber values(838,'LOVELACE BARRY',55158,'LOVELACE.BARRY@customer.org','AD_243','2021-01-01','2021-01-01','A','PR_5','null');
insert into subscriber values(839,'FENNELL ALEXANDER',55159,'FENNELL.ALEXANDER@customer.org','AD_244','2021-01-01','2021-01-01','A','null','null');
insert into subscriber values(840,'COLBY BERNARD',55160,'COLBY.BERNARD@customer.org','AD_245','2021-01-01','2021-01-01','A','null','null');
insert into subscriber values(841,'CHEATHAM MARIO',55161,'CHEATHAM.MARIO@customer.org','AD_246','2021-01-01','2021-01-01','A','null','PO_1');
insert into subscriber values(842,'BUSTAMANTE LEROY',55162,'BUSTAMANTE.LEROY@customer.org','AD_247','2021-01-01','2021-01-01','A','null','PO_2');
insert into subscriber values(843,'SKIDMORE FRANCISCO',55163,'SKIDMORE.FRANCISCO@customer.org','AD_248','2021-01-01','2021-01-01','A','null','PO_3');
insert into subscriber values(844,'HIDALGO MARCUS',55164,'HIDALGO.MARCUS@customer.org','AD_249','2021-01-01','2021-01-01','A','null','PO_4');
insert into subscriber values(845,'FORMAN MICHEAL',55165,'FORMAN.MICHEAL@customer.org','AD_250','2021-01-01','2021-01-01','A','null','PO_5');
insert into subscriber values(846,'CULP THEODORE',55166,'CULP.THEODORE@customer.org','AD_251','2021-01-01','2021-01-01','A','PR_1','null');
insert into subscriber values(847,'BOWENS CLIFFORD',55167,'BOWENS.CLIFFORD@customer.org','AD_252','2021-01-01','2021-01-01','A','PR_2','null');
insert into subscriber values(848,'BETANCOURT MIGUEL',55168,'BETANCOURT.MIGUEL@customer.org','AD_253','2021-01-01','2021-01-01','A','PR_3','null');
insert into subscriber values(849,'AQUINO OSCAR',55169,'AQUINO.OSCAR@customer.org','AD_254','2021-01-01','2021-01-01','A','PR_4','null');
insert into subscriber values(850,'ROBB JAY',55170,'ROBB.JAY@customer.org','AD_255','2021-01-01','2021-01-01','A','PR_5','null');
insert into subscriber values(851,'REA JIM',55171,'REA.JIM@customer.org','AD_256','2021-01-01','2021-01-01','A','null','null');
insert into subscriber values(852,'MILNER TOM',55172,'MILNER.TOM@customer.org','AD_258','2021-01-01','2021-01-01','A','null','null');
insert into subscriber values(853,'MARTEL CALVIN',55173,'MARTEL.CALVIN@customer.org','AD_259','2021-01-01','2021-01-01','A','null','PO_1');
insert into subscriber values(854,'GRESHAM ALEX',55174,'GRESHAM.ALEX@customer.org','AD_260','2021-01-01','2021-01-01','A','null','PO_2');
insert into subscriber values(855,'WILES JON',55175,'WILES.JON@customer.org','AD_261','2021-01-01','2021-01-01','A','null','PO_3');
insert into subscriber values(856,'RICKETTS RONNIE',55176,'RICKETTS.RONNIE@customer.org','AD_262','2021-01-01','2021-01-01','A','null','PO_4');
insert into subscriber values(857,'GAVIN BILL',55177,'GAVIN.BILL@customer.org','AD_263','2021-01-01','2021-01-01','A','null','PO_5');
insert into subscriber values(858,'DOWD LLOYD',55178,'DOWD.LLOYD@customer.org','AD_264','2021-01-01','2021-01-01','A','PR_1','null');
insert into subscriber values(859,'COLLAZO TOMMY',55179,'COLLAZO.TOMMY@customer.org','AD_265','2021-01-01','2021-01-01','A','PR_2','null');
insert into subscriber values(860,'BOSTIC LEON',55180,'BOSTIC.LEON@customer.org','AD_266','2021-01-01','2021-01-01','A','PR_3','null');
insert into subscriber values(861,'BLAKELY DEREK',55181,'BLAKELY.DEREK@customer.org','AD_267','2021-01-01','2021-01-01','A','PR_4','null');
insert into subscriber values(862,'SHERROD WARREN',55182,'SHERROD.WARREN@customer.org','AD_268','2021-01-01','2021-01-01','A','PR_5','null');
insert into subscriber values(863,'POWER DARRELL',55183,'POWER.DARRELL@customer.org','AD_269','2021-01-01','2021-01-01','A','null','null');
insert into subscriber values(864,'KENYON JEROME',55184,'KENYON.JEROME@customer.org','AD_270','2021-01-01','2021-01-01','A','null','null');
insert into subscriber values(865,'GANDY FLOYD',55185,'GANDY.FLOYD@customer.org','AD_271','2021-01-01','2021-01-01','A','null','PO_1');
insert into subscriber values(866,'EBERT LEO',55186,'EBERT.LEO@customer.org','AD_272','2021-01-01','2021-01-01','A','null','PO_2');
insert into subscriber values(867,'DELOACH ALVIN',55187,'DELOACH.ALVIN@customer.org','AD_273','2021-01-01','2021-01-01','A','null','PO_3');
insert into subscriber values(868,'CARY TIM',55188,'CARY.TIM@customer.org','AD_274','2021-01-01','2021-01-01','A','null','PO_4');
insert into subscriber values(869,'BULL WESLEY',55189,'BULL.WESLEY@customer.org','AD_275','2021-01-01','2021-01-01','A','null','PO_5');
insert into subscriber values(870,'ALLARD GORDON',55190,'ALLARD.GORDON@customer.org','AD_276','2021-01-01','2021-01-01','A','PR_1','null');
insert into subscriber values(871,'SAUER DEAN',55191,'SAUER.DEAN@customer.org','AD_277','2021-01-01','2021-01-01','A','PR_2','null');
insert into subscriber values(872,'ROBINS GREG',55192,'ROBINS.GREG@customer.org','AD_278','2021-01-01','2021-01-01','A','PR_3','null');
insert into subscriber values(873,'OLIVARES JORGE',55193,'OLIVARES.JORGE@customer.org','AD_279','2021-01-01','2021-01-01','A','PR_4','null');
insert into subscriber values(874,'GILLETTE DUSTIN',55194,'GILLETTE.DUSTIN@customer.org','AD_280','2021-01-01','2021-01-01','A','PR_5','null');
insert into subscriber values(875,'CHESTNUT PEDRO',55195,'CHESTNUT.PEDRO@customer.org','AD_281','2021-01-01','2021-01-01','A','null','null');
insert into subscriber values(876,'BOURQUE DERRICK',55196,'BOURQUE.DERRICK@customer.org','AD_282','2021-01-01','2021-01-01','A','null','null');
insert into subscriber values(877,'PAINE DAN',55197,'PAINE.DAN@customer.org','AD_283','2021-01-01','2021-01-01','A','null','PO_1');
insert into subscriber values(878,'LYMAN LEWIS',55198,'LYMAN.LEWIS@customer.org','AD_284','2021-01-01','2021-01-01','A','null','PO_2');
insert into subscriber values(879,'HITE ZACHARY',55199,'HITE.ZACHARY@customer.org','AD_285','2021-01-01','2021-01-01','A','null','PO_3');
insert into subscriber values(880,'HAUSER COREY',55200,'HAUSER.COREY@customer.org','AD_286','2021-01-01','2021-01-01','A','null','PO_4');
insert into subscriber values(881,'DEVORE HERMAN',55201,'DEVORE.HERMAN@customer.org','AD_287','2021-01-01','2021-01-01','A','null','PO_5');
insert into subscriber values(882,'CRAWLEY MAURICE',55202,'CRAWLEY.MAURICE@customer.org','AD_288','2021-01-01','2021-01-01','A','PR_1','null');
insert into subscriber values(883,'CHAPA VERNON',55203,'CHAPA.VERNON@customer.org','AD_289','2021-01-01','2021-01-01','A','PR_2','null');
insert into subscriber values(884,'VU ROBERTO',55204,'VU.ROBERTO@customer.org','AD_290','2021-01-01','2021-01-01','A','PR_3','null');
insert into subscriber values(885,'TOBIAS CLYDE',55205,'TOBIAS.CLYDE@customer.org','AD_291','2021-01-01','2021-01-01','A','PR_4','null');
insert into subscriber values(886,'TALBERT GLEN',55206,'TALBERT.GLEN@customer.org','AD_292','2021-01-01','2021-01-01','A','PR_5','null');
insert into subscriber values(887,'POINDEXTER HECTOR',55207,'POINDEXTER.HECTOR@customer.org','AD_293','2021-01-01','2021-01-01','A','null','null');
insert into subscriber values(888,'MILLARD SHANE',55208,'MILLARD.SHANE@customer.org','AD_294','2021-01-01','2021-01-01','A','null','null');
insert into subscriber values(889,'MEADOR RICARDO',55209,'MEADOR.RICARDO@customer.org','AD_295','2021-01-01','2021-01-01','A','null','PO_1');
insert into subscriber values(890,'MCDUFFIE SAM',55210,'MCDUFFIE.SAM@customer.org','AD_296','2021-01-01','2021-01-01','A','null','PO_2');
insert into subscriber values(891,'MATTOX RICK',55211,'MATTOX.RICK@customer.org','AD_297','2021-01-01','2021-01-01','A','null','PO_3');
insert into subscriber values(892,'KRAUS LESTER',55212,'KRAUS.LESTER@customer.org','AD_298','2021-01-01','2021-01-01','A','null','PO_4');
insert into subscriber values(893,'HARKINS BRENT',55213,'HARKINS.BRENT@customer.org','AD_299','2021-01-01','2021-01-01','A','null','PO_5');
insert into subscriber values(894,'CHOATE RAMON',55214,'CHOATE.RAMON@customer.org','AD_300','2021-01-01','2021-01-01','A','PR_1','null');
insert into subscriber values(895,'BESS CHARLIE',55215,'BESS.CHARLIE@customer.org','AD_301','2021-01-01','2021-01-01','A','PR_2','null');
insert into subscriber values(896,'WREN TYLER',55216,'WREN.TYLER@customer.org','AD_302','2021-01-01','2021-01-01','A','PR_3','null');
insert into subscriber values(897,'SLEDGE GILBERT',55217,'SLEDGE.GILBERT@customer.org','AD_303','2021-01-01','2021-01-01','A','PR_4','null');
insert into subscriber values(898,'SANBORN GENE',55218,'SANBORN.GENE@customer.org','AD_304','2021-01-01','2021-01-01','A','PR_5','null');
insert into subscriber values(899,'OUTLAW MARC',55219,'OUTLAW.MARC@customer.org','AD_305','2021-01-01','2021-01-01','A','null','null');
insert into subscriber values(900,'KINDER REGINALD',55220,'KINDER.REGINALD@customer.org','AD_306','2021-01-01','2021-01-01','A','null','null');
insert into subscriber values(901,'GEARY RUBEN',55221,'GEARY.RUBEN@customer.org','AD_307','2021-01-01','2021-01-01','A','null','PO_1');
insert into subscriber values(902,'CORNWELL BRETT',55222,'CORNWELL.BRETT@customer.org','AD_308','2021-01-01','2021-01-01','A','null','PO_2');
insert into subscriber values(903,'BARCLAY ANGEL',55223,'BARCLAY.ANGEL@customer.org','AD_309','2021-01-01','2021-01-01','A','null','PO_3');
insert into subscriber values(904,'ADAM NATHANIEL',55224,'ADAM.NATHANIEL@customer.org','AD_310','2021-01-01','2021-01-01','A','null','PO_4');
insert into subscriber values(905,'ABNEY RAFAEL',55225,'ABNEY.RAFAEL@customer.org','AD_311','2021-01-01','2021-01-01','A','null','PO_5');
insert into subscriber values(906,'SEWARD LESLIE',55226,'SEWARD.LESLIE@customer.org','AD_312','2021-01-01','2021-01-01','A','PR_1','null');
insert into subscriber values(907,'RHOADS EDGAR',55227,'RHOADS.EDGAR@customer.org','AD_313','2021-01-01','2021-01-01','A','PR_2','null');
insert into subscriber values(908,'HOWLAND MILTON',55228,'HOWLAND.MILTON@customer.org','AD_314','2021-01-01','2021-01-01','A','PR_3','null');
insert into subscriber values(909,'FORTIER RAUL',55229,'FORTIER.RAUL@customer.org','AD_315','2021-01-01','2021-01-01','A','PR_4','null');
insert into subscriber values(910,'EASTER BEN',55230,'EASTER.BEN@customer.org','AD_316','2021-01-01','2021-01-01','A','PR_5','null');
insert into subscriber values(911,'BENNER CHESTER',55231,'BENNER.CHESTER@customer.org','AD_317','2021-01-01','2021-01-01','A','null','null');
insert into subscriber values(912,'VINES CECIL',55232,'VINES.CECIL@customer.org','AD_318','2021-01-01','2021-01-01','A','null','null');
insert into subscriber values(913,'TUBBS DUANE',55233,'TUBBS.DUANE@customer.org','AD_319','2021-01-01','2021-01-01','A','null','PO_1');
insert into subscriber values(914,'TROUTMAN FRANKLIN',55234,'TROUTMAN.FRANKLIN@customer.org','AD_320','2021-01-01','2021-01-01','A','null','PO_2');
insert into subscriber values(915,'RAPP ANDRE',55235,'RAPP.ANDRE@customer.org','AD_321','2021-01-01','2021-01-01','A','null','PO_3');
insert into subscriber values(916,'NOE ELMER',55236,'NOE.ELMER@customer.org','AD_322','2021-01-01','2021-01-01','A','null','PO_4');
insert into subscriber values(917,'MCCURDY BRAD',55237,'MCCURDY.BRAD@customer.org','AD_323','2021-01-01','2021-01-01','A','null','PO_5');
insert into subscriber values(918,'HARDER GABRIEL',55238,'HARDER.GABRIEL@customer.org','AD_324','2021-01-01','2021-01-01','A','PR_1','null');
insert into subscriber values(919,'DELUCA RON',55239,'DELUCA.RON@customer.org','AD_325','2021-01-01','2021-01-01','A','PR_2','null');
insert into subscriber values(920,'WESTMORELAND MITCHELL',55240,'WESTMORELAND.MITCHELL@customer.org','AD_326','2021-01-01','2021-01-01','A','PR_3','null');
insert into subscriber values(921,'SOUTH ROLAND',55241,'SOUTH.ROLAND@customer.org','AD_327','2021-01-01','2021-01-01','A','PR_4','null');
insert into subscriber values(922,'HAVENS ARNOLD',55242,'HAVENS.ARNOLD@customer.org','AD_328','2021-01-01','2021-01-01','A','PR_5','null');
insert into subscriber values(923,'GUAJARDO HARVEY',55243,'GUAJARDO.HARVEY@customer.org','AD_329','2021-01-01','2021-01-01','A','null','null');
insert into subscriber values(924,'ELY JARED',55244,'ELY.JARED@customer.org','AD_330','2021-01-01','2021-01-01','A','null','null');
insert into subscriber values(925,'CLARY ADRIAN',55245,'CLARY.ADRIAN@customer.org','AD_331','2021-01-01','2021-01-01','A','null','PO_1');
insert into subscriber values(926,'SEAL KARL',55246,'SEAL.KARL@customer.org','AD_332','2021-01-01','2021-01-01','A','null','PO_2');
insert into subscriber values(927,'MEEHAN CORY',55247,'MEEHAN.CORY@customer.org','AD_333','2021-01-01','2021-01-01','A','null','PO_3');
insert into subscriber values(928,'HERZOG CLAUDE',55248,'HERZOG.CLAUDE@customer.org','AD_334','2021-01-01','2021-01-01','A','null','PO_4');
insert into subscriber values(929,'GUILLEN ERIK',55249,'GUILLEN.ERIK@customer.org','AD_335','2021-01-01','2021-01-01','A','null','PO_5');
insert into subscriber values(930,'ASHCRAFT DARRYL',55250,'ASHCRAFT.DARRYL@customer.org','AD_336','2021-01-01','2021-01-01','A','PR_1','null');
insert into subscriber values(931,'WAUGH JAMIE',55251,'WAUGH.JAMIE@customer.org','AD_337','2021-01-01','2021-01-01','A','PR_2','null');
insert into subscriber values(932,'RENNER NEIL',55252,'RENNER.NEIL@customer.org','AD_338','2021-01-01','2021-01-01','A','PR_3','null');
insert into subscriber values(933,'MILAM JESSIE',55253,'MILAM.JESSIE@customer.org','AD_339','2021-01-01','2021-01-01','A','PR_4','null');
insert into subscriber values(934,'JUNG CHRISTIAN',55254,'JUNG.CHRISTIAN@customer.org','AD_340','2021-01-01','2021-01-01','A','PR_5','null');
insert into subscriber values(935,'ELROD JAVIER',55255,'ELROD.JAVIER@customer.org','AD_341','2021-01-01','2021-01-01','A','null','null');
insert into subscriber values(936,'CHURCHILL FERNANDO',55256,'CHURCHILL.FERNANDO@customer.org','AD_342','2021-01-01','2021-01-01','A','null','null');
insert into subscriber values(937,'BUFORD CLINTON',55257,'BUFORD.CLINTON@customer.org','AD_343','2021-01-01','2021-01-01','A','null','PO_1');
insert into subscriber values(938,'BREAUX TED',55258,'BREAUX.TED@customer.org','AD_344','2021-01-01','2021-01-01','A','null','PO_2');
insert into subscriber values(939,'BOLIN MATHEW',55259,'BOLIN.MATHEW@customer.org','AD_345','2021-01-01','2021-01-01','A','null','PO_3');
insert into subscriber values(940,'ASHER TYRONE',55260,'ASHER.TYRONE@customer.org','AD_346','2021-01-01','2021-01-01','A','null','PO_4');
insert into subscriber values(941,'WINDHAM DARREN',55261,'WINDHAM.DARREN@customer.org','AD_347','2021-01-01','2021-01-01','A','null','PO_5');
insert into subscriber values(942,'TIRADO LONNIE',55262,'TIRADO.LONNIE@customer.org','AD_348','2021-01-01','2021-01-01','A','PR_1','null');
insert into subscriber values(943,'PEMBERTON LANCE',55263,'PEMBERTON.LANCE@customer.org','AD_349','2021-01-01','2021-01-01','A','PR_2','null');
insert into subscriber values(944,'NOLEN CODY',55264,'NOLEN.CODY@customer.org','AD_350','2021-01-01','2021-01-01','A','PR_3','null');
insert into subscriber values(945,'NOLAND JULIO',55265,'NOLAND.JULIO@customer.org','AD_351','2021-01-01','2021-01-01','A','PR_4','null');
insert into subscriber values(946,'KNOTT KELLY',55266,'KNOTT.KELLY@customer.org','AD_352','2021-01-01','2021-01-01','A','PR_5','null');
insert into subscriber values(947,'EMMONS KURT',55267,'EMMONS.KURT@customer.org','AD_353','2021-01-01','2021-01-01','A','null','null');
insert into subscriber values(948,'CORNISH ALLAN',55268,'CORNISH.ALLAN@customer.org','AD_354','2021-01-01','2021-01-01','A','null','null');
insert into subscriber values(949,'CHRISTENSON NELSON',55269,'CHRISTENSON.NELSON@customer.org','AD_355','2021-01-01','2021-01-01','A','null','PO_1');
insert into subscriber values(950,'BROWNLEE GUY',55270,'BROWNLEE.GUY@customer.org','AD_356','2021-01-01','2021-01-01','A','null','PO_2');
insert into subscriber values(951,'BARBEE CLAYTON',55271,'BARBEE.CLAYTON@customer.org','AD_357','2021-01-01','2021-01-01','A','null','PO_3');
insert into subscriber values(952,'WALDROP HUGH',55272,'WALDROP.HUGH@customer.org','AD_358','2021-01-01','2021-01-01','A','null','PO_4');
insert into subscriber values(953,'PITT MAX',55273,'PITT.MAX@customer.org','AD_359','2021-01-01','2021-01-01','A','null','PO_5');
insert into subscriber values(954,'OLVERA DWAYNE',55274,'OLVERA.DWAYNE@customer.org','AD_360','2021-01-01','2021-01-01','A','PR_1','null');
insert into subscriber values(955,'LOMBARDI DWIGHT',55275,'LOMBARDI.DWIGHT@customer.org','AD_361','2021-01-01','2021-01-01','A','PR_2','null');
insert into subscriber values(956,'GRUBER ARMANDO',55276,'GRUBER.ARMANDO@customer.org','AD_362','2021-01-01','2021-01-01','A','PR_3','null');
insert into subscriber values(957,'GAFFNEY FELIX',55277,'GAFFNEY.FELIX@customer.org','AD_363','2021-01-01','2021-01-01','A','PR_4','null');
insert into subscriber values(958,'EGGLESTON JIMMIE',55278,'EGGLESTON.JIMMIE@customer.org','AD_364','2021-01-01','2021-01-01','A','PR_5','null');
insert into subscriber values(959,'BANDA EVERETT',55279,'BANDA.EVERETT@customer.org','AD_365','2021-01-01','2021-01-01','A','null','null');
insert into subscriber values(960,'ARCHULETA JORDAN',55280,'ARCHULETA.JORDAN@customer.org','AD_366','2021-01-01','2021-01-01','A','null','null');
insert into subscriber values(961,'STILL IAN',55281,'STILL.IAN@customer.org','AD_367','2021-01-01','2021-01-01','A','null','PO_1');
insert into subscriber values(962,'SLONE WALLACE',55282,'SLONE.WALLACE@customer.org','AD_368','2021-01-01','2021-01-01','A','null','PO_2');
insert into subscriber values(963,'PREWITT KEN',55283,'PREWITT.KEN@customer.org','AD_369','2021-01-01','2021-01-01','A','null','PO_3');
insert into subscriber values(964,'PFEIFFER BOB',55284,'PFEIFFER.BOB@customer.org','AD_370','2021-01-01','2021-01-01','A','null','PO_4');
insert into subscriber values(965,'NETTLES JAIME',55285,'NETTLES.JAIME@customer.org','AD_371','2021-01-01','2021-01-01','A','null','PO_5');
insert into subscriber values(966,'MENA CASEY',55286,'MENA.CASEY@customer.org','AD_372','2021-01-01','2021-01-01','A','PR_1','null');
insert into subscriber values(967,'MCADAMS ALFREDO',55287,'MCADAMS.ALFREDO@customer.org','AD_373','2021-01-01','2021-01-01','A','PR_2','null');
insert into subscriber values(968,'HENNING ALBERTO',55288,'HENNING.ALBERTO@customer.org','AD_374','2021-01-01','2021-01-01','A','PR_3','null');
insert into subscriber values(969,'GARDINER DAVE',55289,'GARDINER.DAVE@customer.org','AD_375','2021-01-01','2021-01-01','A','PR_4','null');
insert into subscriber values(970,'CROMWELL IVAN',55290,'CROMWELL.IVAN@customer.org','AD_376','2021-01-01','2021-01-01','A','PR_5','null');
insert into subscriber values(971,'CHISHOLM JOHNNIE',55291,'CHISHOLM.JOHNNIE@customer.org','AD_377','2021-01-01','2021-01-01','A','null','null');
insert into subscriber values(972,'BURLESON SIDNEY',55292,'BURLESON.SIDNEY@customer.org','AD_378','2021-01-01','2021-01-01','A','null','null');
insert into subscriber values(973,'BOX BYRON',55293,'BOX.BYRON@customer.org','AD_379','2021-01-01','2021-01-01','A','null','PO_1');
insert into subscriber values(974,'VEST JULIAN',55294,'VEST.JULIAN@customer.org','AD_380','2021-01-01','2021-01-01','A','null','PO_2');
insert into subscriber values(975,'OGLESBY ISAAC',55295,'OGLESBY.ISAAC@customer.org','AD_381','2021-01-01','2021-01-01','A','null','PO_3');
insert into subscriber values(976,'MCCARTER MORRIS',55296,'MCCARTER.MORRIS@customer.org','AD_382','2021-01-01','2021-01-01','A','null','PO_4');
insert into subscriber values(977,'MALCOLM CLIFTON',55297,'MALCOLM.CLIFTON@customer.org','AD_383','2021-01-01','2021-01-01','A','null','PO_5');
insert into subscriber values(978,'LUMPKIN WILLARD',55298,'LUMPKIN.WILLARD@customer.org','AD_384','2021-01-01','2021-01-01','A','PR_1','null');
insert into subscriber values(979,'LARUE DARYL',55299,'LARUE.DARYL@customer.org','AD_385','2021-01-01','2021-01-01','A','PR_2','null');
insert into subscriber values(980,'GREY ROSS',55300,'GREY.ROSS@customer.org','AD_386','2021-01-01','2021-01-01','A','PR_3','null');
insert into subscriber values(981,'WOFFORD VIRGIL',55301,'WOFFORD.VIRGIL@customer.org','AD_387','2021-01-01','2021-01-01','A','PR_4','null');
insert into subscriber values(982,'VANHORN ANDY',55302,'VANHORN.ANDY@customer.org','AD_388','2021-01-01','2021-01-01','A','PR_5','null');
insert into subscriber values(983,'THORN MARSHALL',55303,'THORN.MARSHALL@customer.org','AD_389','2021-01-01','2021-01-01','A','null','null');
insert into subscriber values(984,'TEEL SALVADOR',55304,'TEEL.SALVADOR@customer.org','AD_390','2021-01-01','2021-01-01','A','null','null');
insert into subscriber values(985,'SWAFFORD PERRY',55305,'SWAFFORD.PERRY@customer.org','AD_391','2021-01-01','2021-01-01','A','null','PO_1');
insert into subscriber values(986,'STCLAIR KIRK',55306,'STCLAIR.KIRK@customer.org','AD_392','2021-01-01','2021-01-01','A','null','PO_2');
insert into subscriber values(987,'STANFIELD SERGIO',55307,'STANFIELD.SERGIO@customer.org','AD_393','2021-01-01','2021-01-01','A','null','PO_3');
insert into subscriber values(988,'OCAMPO MARION',55308,'OCAMPO.MARION@customer.org','AD_394','2021-01-01','2021-01-01','A','null','PO_4');
insert into subscriber values(989,'HERRMANN TRACY',55309,'HERRMANN.TRACY@customer.org','AD_395','2021-01-01','2021-01-01','A','null','PO_5');
insert into subscriber values(990,'HANNON SETH',55310,'HANNON.SETH@customer.org','AD_396','2021-01-01','2021-01-01','A','PR_1','null');
insert into subscriber values(991,'ARSENAULT KENT',55311,'ARSENAULT.KENT@customer.org','AD_397','2021-01-01','2021-01-01','A','PR_2','null');
insert into subscriber values(992,'ROUSH TERRANCE',55312,'ROUSH.TERRANCE@customer.org','AD_398','2021-01-01','2021-01-01','A','PR_3','null');
insert into subscriber values(993,'MCALISTER RENE',55313,'MCALISTER.RENE@customer.org','AD_399','2021-01-01','2021-01-01','A','PR_4','null');
insert into subscriber values(994,'HIATT EDUARDO',55314,'HIATT.EDUARDO@customer.org','AD_400','2021-01-01','2021-01-01','A','PR_5','null');
insert into subscriber values(995,'GUNDERSON TERRENCE',55315,'GUNDERSON.TERRENCE@customer.org','AD_401','2021-01-01','2021-01-01','A','null','null');
insert into subscriber values(996,'FORSYTHE ENRIQUE',55316,'FORSYTHE.ENRIQUE@customer.org','AD_402','2021-01-01','2021-01-01','A','null','null');
insert into subscriber values(997,'DUGGAN FREDDIE',55317,'DUGGAN.FREDDIE@customer.org','AD_403','2021-01-01','2021-01-01','A','null','PO_1');
insert into subscriber values(998,'DELVALLE WADE',55318,'DELVALLE.WADE@customer.org','AD_404','2021-01-01','2021-01-01','A','null','PO_2');
insert into subscriber values(999,'CINTRON AUSTIN',55319,'CINTRON.AUSTIN@customer.org','AD_405','2021-01-01','2021-01-01','A','null','PO_3');
insert into subscriber values(1000,'JOMBS BOND',55320,'JOMBS.BOND@customer.org','AD_405','2021-01-01','2021-01-01','A','null','PO_4');


-----------Insert Statement for Staff-----------------------------
insert into staff values(10001,'A',12345,'A@A.com','2021-01-01','2021-01-01','A','AD_101','PR_1','PO_1');
insert into staff values(10002,'B',12346,'B@B.com','2021-01-01','2021-01-01','A','AD_102','PR_2','PO_2');
insert into staff values(10003,'C',12347,'C@C.com','2021-01-01','2021-01-01','A','AD_103','PR_3','PO_3');
insert into staff values(10004,'D',12348,'D@D.com','2021-01-01','2021-01-01','A','AD_104','PR_4','PO_4');
insert into staff values(10005,'E',12349,'E@E.com','2021-01-01','2021-01-01','A','AD_105','PR_5','PO_5');

-----------Insert Statement for Complaint-----------------------------
insert into complaint values(11111,1,'Balance','Balance related Query','Open',10001,'2021-01-01','2021-01-01');
insert into complaint values(11112,101,'Balance','Balance related Query','Closed',10001,'2021-01-01','2021-01-01');
insert into complaint values(11113,112,'Recharge','Recharge Related Query','Checking',10002,'2021-01-01','2021-01-01');
insert into complaint values(11114,23,'Recharge','Recharge Related Query','Open',10002,'2021-01-01','2021-01-01');
insert into complaint values(11115,11,'Balance','Balance related Query','Closed',10003,'2021-01-01','2021-01-01');
insert into complaint values(11116,45,'Recharge','Recharge Related Query','Checking',10003,'2021-01-01','2021-01-01');
insert into complaint values(11117,11,'Balance','Balance related Query','Closed',10004,'2021-01-01','2021-01-01');
insert into complaint values(11118,47,'Recharge','Recharge Related Query','Open',10004,'2021-01-01','2021-01-01');
insert into complaint values(11119,21,'Recharge','Recharge Related Query','Open',10005,'2021-01-01','2021-01-01');
insert into complaint values(11120,300,'Balance','Balance related Query','Open',10005,'2021-01-01','2021-01-01');

-----------Insert Statement for Plan_Postpaid-----------------------------
insert into plan_postpaid values('PO_1','unlimited call 40 GB 100 SMS',199);
insert into plan_postpaid values('PO_2','unlimited call 75 GB',299);
insert into plan_postpaid values('PO_3','unlimited call 100GB',399);
insert into plan_postpaid values('PO_4','unlimited call 150 GB   1000 SMS',499);
insert into plan_postpaid values('PO_5','unlimited call 200 GB  100 SMS',749);



-----------Insert Statement for plan_Prepaid-----------------------------
insert into plan_prepaid values('PR_1','unlimited call 1.5GB/Day 28 days',199);
insert into plan_prepaid values('PR_2','unlimited call 2GB/Day',299);
insert into plan_prepaid values('PR_3','unlimited call 1.5GB/Day 84 Days',399);
insert into plan_prepaid values('PR_4','unlimited call 3GB/Day 28 Days',499);
insert into plan_prepaid values('PR_5','unlimited call 4GB/Day 56 Days',749);



-----------Insert Statement for Address-----------------------------
insert into address values('AD_1','47 MySakila Drive','CT_300');
insert into address values('AD_2','28 MySQL Boulevard','CT_576');
insert into address values('AD_3','23 Workhaven Lane','CT_300');
insert into address values('AD_4','1411 Lillydale Drive','CT_576');
insert into address values('AD_5','1913 Hanoi Way','CT_463');
insert into address values('AD_6','1121 Loja Avenue','CT_449');
insert into address values('AD_7','692 Joliet Street','CT_38');
insert into address values('AD_8','1566 Inegl Manor','CT_349');
insert into address values('AD_9','53 Idfu Parkway','CT_361');
insert into address values('AD_10','1795 Santiago de Compostela Way','CT_295');
insert into address values('AD_11','900 Santiago de Compostela Parkway','CT_280');
insert into address values('AD_12','478 Joliet Way','CT_200');
insert into address values('AD_13','613 Korolev Drive','CT_329');
insert into address values('AD_14','1531 Sal Drive','CT_162');
insert into address values('AD_15','1542 Tarlac Parkway','CT_440');
insert into address values('AD_16','808 Bhopal Manor','CT_582');
insert into address values('AD_17','270 Amroha Parkway','CT_384');
insert into address values('AD_18','770 Bydgoszcz Avenue','CT_120');
insert into address values('AD_19','419 Iligan Lane','CT_76');
insert into address values('AD_20','360 Toulouse Parkway','CT_495');
insert into address values('AD_21','270 Toulon Boulevard','CT_156');
insert into address values('AD_22','320 Brest Avenue','CT_252');
insert into address values('AD_23','1417 Lancaster Avenue','CT_267');
insert into address values('AD_24','1688 Okara Way','CT_327');
insert into address values('AD_25','262 A Corua  Parkway','CT_525');
insert into address values('AD_26','28 Charlotte Amalie Street','CT_443');
insert into address values('AD_27','1780 Hino Boulevard','CT_303');
insert into address values('AD_28','96 Tafuna Way','CT_128');
insert into address values('AD_29','934 San Felipe de Puerto Plata Street','CT_472');
insert into address values('AD_30','18 Duisburg Boulevard','CT_121');
insert into address values('AD_31','217 Botshabelo Place','CT_138');
insert into address values('AD_32','1425 Shikarpur Manor','CT_346');
insert into address values('AD_33','786 Aurora Avenue','CT_474');
insert into address values('AD_34','1668 Anpolis Street','CT_316');
insert into address values('AD_35','33 Gorontalo Way','CT_257');
insert into address values('AD_36','176 Mandaluyong Place','CT_239');
insert into address values('AD_37','127 Purnea  Manor','CT_17');
insert into address values('AD_38','61 Tama Street','CT_284');
insert into address values('AD_39','391 Callao Drive','CT_544');
insert into address values('AD_40','334 Munger  Lane','CT_31');
insert into address values('AD_41','1440 Fukuyama Loop','CT_362');
insert into address values('AD_42','269 Cam Ranh Parkway','CT_115');
insert into address values('AD_43','306 Antofagasta Place','CT_569');
insert into address values('AD_44','671 Graz Street','CT_353');
insert into address values('AD_45','42 Brindisi Place','CT_586');
insert into address values('AD_46','1632 Bislig Avenue','CT_394');
insert into address values('AD_47','1447 Imus Way','CT_167');
insert into address values('AD_48','1998 Halifax Drive','CT_308');
insert into address values('AD_49','1718 Valencia Street','CT_27');
insert into address values('AD_50','46 Pjatigorsk Lane','CT_343');
insert into address values('AD_51','686 Garland Manor','CT_247');
insert into address values('AD_52','909 Garland Manor','CT_367');
insert into address values('AD_53','725 Isesaki Place','CT_237');
insert into address values('AD_54','115 Hidalgo Parkway','CT_379');
insert into address values('AD_55','1135 Izumisano Parkway','CT_171');
insert into address values('AD_56','939 Probolinggo Loop','CT_1');
insert into address values('AD_57','17 Kabul Boulevard','CT_355');
insert into address values('AD_58','1964 Allappuzha Street','CT_227');
insert into address values('AD_59','1697 Kowloon and New Kowloon Loop','CT_49');
insert into address values('AD_60','1668 Saint Louis Place','CT_397');
insert into address values('AD_61','943 Tokat Street','CT_560');
insert into address values('AD_62','1114 Liepaja Street','CT_282');
insert into address values('AD_63','1213 Ranchi Parkway','CT_350');
insert into address values('AD_64','81 Hodeida Way','CT_231');
insert into address values('AD_65','915 Ponce Place','CT_56');
insert into address values('AD_66','1717 Guadalajara Lane','CT_441');
insert into address values('AD_67','1214 Hanoi Way','CT_306');
insert into address values('AD_68','1966 Amroha Avenue','CT_139');
insert into address values('AD_69','698 Otsu Street','CT_105');
insert into address values('AD_70','1150 Kimchon Manor','CT_321');
insert into address values('AD_71','1586 Guaruj Place','CT_579');
insert into address values('AD_72','57 Arlington Manor','CT_475');
insert into address values('AD_73','1031 Daugavpils Parkway','CT_63');
insert into address values('AD_74','1124 Buenaventura Drive','CT_13');
insert into address values('AD_75','492 Cam Ranh Street','CT_61');
insert into address values('AD_76','89 Allappuzha  Manor','CT_517');
insert into address values('AD_77','1947 Poos de Caldas Boulevard','CT_114');
insert into address values('AD_78','1206 Dos Quebradas Place','CT_431');
insert into address values('AD_79','1551 Rampur Lane','CT_108');
insert into address values('AD_80','602 Paarl Street','CT_402');
insert into address values('AD_81','1692 Ede Loop','CT_30');
insert into address values('AD_82','936 Salzburg Lane','CT_425');
insert into address values('AD_83','586 Tete Way','CT_256');
insert into address values('AD_84','1888 Kabul Drive','CT_217');
insert into address values('AD_85','320 Baiyin Parkway','CT_319');
insert into address values('AD_86','927 Baha Blanca Parkway','CT_479');
insert into address values('AD_87','929 Tallahassee Loop','CT_497');
insert into address values('AD_88','125 Citt del Vaticano Boulevard','CT_40');
insert into address values('AD_89','1557 Ktahya Boulevard','CT_88');
insert into address values('AD_90','870 Ashqelon Loop','CT_489');
insert into address values('AD_91','1740 Portoviejo Avenue','CT_480');
insert into address values('AD_92','1942 Ciparay Parkway','CT_113');
insert into address values('AD_93','1926 El Alto Avenue','CT_289');
insert into address values('AD_94','1952 Chatsworth Drive','CT_332');
insert into address values('AD_95','1370 Le Mans Avenue','CT_53');
insert into address values('AD_96','984 Effon-Alaiye Avenue','CT_183');
insert into address values('AD_97','832 Nakhon Sawan Manor','CT_592');
insert into address values('AD_98','152 Kitwe Parkway','CT_82');
insert into address values('AD_99','1697 Tanauan Lane','CT_399');
insert into address values('AD_100','1308 Arecibo Way','CT_41');
insert into address values('AD_101','1599 Plock Drive','CT_534');
insert into address values('AD_102','669 Firozabad Loop','CT_12');
insert into address values('AD_103','588 Vila Velha Manor','CT_268');
insert into address values('AD_104','1913 Kamakura Place','CT_238');
insert into address values('AD_105','733 Mandaluyong Place','CT_2');
insert into address values('AD_106','659 Vaduz Drive','CT_34');
insert into address values('AD_107','1177 Jelets Way','CT_220');
insert into address values('AD_108','1386 Yangor Avenue','CT_543');
insert into address values('AD_109','454 Nakhon Sawan Boulevard','CT_173');
insert into address values('AD_110','1867 San Juan Bautista Tuxtepec Avenue','CT_225');
insert into address values('AD_111','1532 Dzerzinsk Way','CT_334');
insert into address values('AD_112','1002 Ahmadnagar Manor','CT_213');
insert into address values('AD_113','682 Junan Way','CT_273');
insert into address values('AD_114','804 Elista Drive','CT_159');
insert into address values('AD_115','1378 Alvorada Avenue','CT_102');
insert into address values('AD_116','793 Cam Ranh Avenue','CT_292');
insert into address values('AD_117','1079 Tel Aviv-Jaffa Boulevard','CT_132');
insert into address values('AD_118','442 Rae Bareli Place','CT_148');
insert into address values('AD_119','1107 Nakhon Sawan Avenue','CT_365');
insert into address values('AD_120','544 Malm Parkway','CT_403');
insert into address values('AD_121','1967 Sincelejo Place','CT_176');
insert into address values('AD_122','333 Goinia Way','CT_185');
insert into address values('AD_123','1987 Coacalco de Berriozbal Loop','CT_476');
insert into address values('AD_124','241 Mosul Lane','CT_147');
insert into address values('AD_125','211 Chiayi Drive','CT_164');
insert into address values('AD_126','1175 Tanauan Way','CT_305');
insert into address values('AD_127','117 Boa Vista Way','CT_566');
insert into address values('AD_128','848 Tafuna Manor','CT_281');
insert into address values('AD_129','569 Baicheng Lane','CT_85');
insert into address values('AD_130','1666 Qomsheh Drive','CT_410');
insert into address values('AD_131','801 Hagonoy Drive','CT_484');
insert into address values('AD_132','1050 Garden Grove Avenue','CT_236');
insert into address values('AD_133','1854 Tieli Street','CT_302');
insert into address values('AD_134','758 Junan Lane','CT_190');
insert into address values('AD_135','1752 So Leopoldo Parkway','CT_345');
insert into address values('AD_136','898 Belm Manor','CT_87');
insert into address values('AD_137','261 Saint Louis Way','CT_541');
insert into address values('AD_138','765 Southampton Drive','CT_421');
insert into address values('AD_139','943 Johannesburg Avenue','CT_417');
insert into address values('AD_140','788 Atinsk Street','CT_211');
insert into address values('AD_141','1749 Daxian Place','CT_29');
insert into address values('AD_142','1587 Sullana Lane','CT_207');
insert into address values('AD_143','1029 Dzerzinsk Manor','CT_542');
insert into address values('AD_144','1666 Beni-Mellal Place','CT_123');
insert into address values('AD_145','928 Jaffna Loop','CT_172');
insert into address values('AD_146','483 Ljubertsy Parkway','CT_149');
insert into address values('AD_147','374 Bat Yam Boulevard','CT_266');
insert into address values('AD_148','1027 Songkhla Manor','CT_340');
insert into address values('AD_149','999 Sanaa Loop','CT_491');
insert into address values('AD_150','879 Newcastle Way','CT_499');
insert into address values('AD_151','1337 Lincoln Parkway','CT_555');
insert into address values('AD_152','1952 Pune Lane','CT_442');
insert into address values('AD_153','782 Mosul Street','CT_94');
insert into address values('AD_154','781 Shimonoseki Drive','CT_202');
insert into address values('AD_155','1560 Jelets Boulevard','CT_291');
insert into address values('AD_156','1963 Moscow Place','CT_354');
insert into address values('AD_157','456 Escobar Way','CT_232');
insert into address values('AD_158','798 Cianjur Avenue','CT_590');
insert into address values('AD_159','185 Novi Sad Place','CT_72');
insert into address values('AD_160','1367 Yantai Manor','CT_381');
insert into address values('AD_161','1386 Nakhon Sawan Boulevard','CT_420');
insert into address values('AD_162','369 Papeete Way','CT_187');
insert into address values('AD_163','1440 Compton Place','CT_307');
insert into address values('AD_164','1623 Baha Blanca Manor','CT_310');
insert into address values('AD_165','97 Shimoga Avenue','CT_533');
insert into address values('AD_166','1740 Le Mans Loop','CT_297');
insert into address values('AD_167','1287 Xiangfan Boulevard','CT_253');
insert into address values('AD_168','842 Salzburg Lane','CT_529');
insert into address values('AD_169','154 Tallahassee Loop','CT_199');
insert into address values('AD_170','710 San Felipe del Progreso Avenue','CT_304');
insert into address values('AD_171','1540 Wroclaw Drive','CT_107');
insert into address values('AD_172','475 Atinsk Way','CT_240');
insert into address values('AD_173','1294 Firozabad Drive','CT_407');
insert into address values('AD_174','1877 Ezhou Lane','CT_550');
insert into address values('AD_175','316 Uruapan Street','CT_223');
insert into address values('AD_176','29 Pyongyang Loop','CT_58');
insert into address values('AD_177','1010 Klerksdorp Way','CT_186');
insert into address values('AD_178','1848 Salala Boulevard','CT_373');
insert into address values('AD_179','431 Xiangtan Avenue','CT_18');
insert into address values('AD_180','757 Rustenburg Avenue','CT_483');
insert into address values('AD_181','146 Johannesburg Way','CT_330');
insert into address values('AD_182','1891 Rizhao Boulevard','CT_456');
insert into address values('AD_183','1089 Iwatsuki Avenue','CT_270');
insert into address values('AD_184','1410 Benin City Parkway','CT_405');
insert into address values('AD_185','682 Garden Grove Place','CT_333');
insert into address values('AD_186','533 al-Ayn Boulevard','CT_126');
insert into address values('AD_187','1839 Szkesfehrvr Parkway','CT_317');
insert into address values('AD_188','741 Ambattur Manor','CT_438');
insert into address values('AD_189','927 Barcelona Street','CT_467');
insert into address values('AD_190','435 0 Way','CT_195');
insert into address values('AD_191','140 Chiayi Parkway','CT_506');
insert into address values('AD_192','1166 Changhwa Street','CT_62');
insert into address values('AD_193','891 Novi Sad Manor','CT_383');
insert into address values('AD_194','605 Rio Claro Parkway','CT_513');
insert into address values('AD_195','1077 San Felipe de Puerto Plata Place','CT_369');
insert into address values('AD_196','9 San Miguel de Tucumn Manor','CT_169');
insert into address values('AD_197','447 Surakarta Loop','CT_271');
insert into address values('AD_198','345 Oshawa Boulevard','CT_204');
insert into address values('AD_199','1792 Valle de la Pascua Place','CT_477');
insert into address values('AD_200','1074 Binzhou Manor','CT_325');
insert into address values('AD_201','817 Bradford Loop','CT_109');
insert into address values('AD_202','955 Bamenda Way','CT_218');
insert into address values('AD_203','1149 A Corua  Boulevard','CT_194');
insert into address values('AD_204','387 Mwene-Ditu Drive','CT_35');
insert into address values('AD_205','68 Molodetno Manor','CT_575');
insert into address values('AD_206','642 Nador Drive','CT_77');
insert into address values('AD_207','1688 Nador Lane','CT_184');
insert into address values('AD_208','1215 Pyongyang Parkway','CT_557');
insert into address values('AD_209','1679 Antofagasta Street','CT_122');
insert into address values('AD_210','1304 s-Hertogenbosch Way','CT_83');
insert into address values('AD_211','850 Salala Loop','CT_371');
insert into address values('AD_212','624 Oshawa Boulevard','CT_51');
insert into address values('AD_213','43 Dadu Avenue','CT_74');
insert into address values('AD_214','751 Lima Loop','CT_7');
insert into address values('AD_215','1333 Haldia Street','CT_174');
insert into address values('AD_216','660 Jedda Boulevard','CT_65');
insert into address values('AD_217','1001 Miyakonojo Lane','CT_518');
insert into address values('AD_218','226 Brest Manor','CT_508');
insert into address values('AD_219','1229 Valencia Parkway','CT_498');
insert into address values('AD_220','1201 Qomsheh Manor','CT_28');
insert into address values('AD_221','866 Shivapuri Manor','CT_448');
insert into address values('AD_222','1168 Najafabad Parkway','CT_251');
insert into address values('AD_223','1244 Allappuzha Place','CT_567');
insert into address values('AD_224','1842 Luzinia Boulevard','CT_593');
insert into address values('AD_225','1926 Gingoog Street','CT_511');
insert into address values('AD_226','810 Palghat  Boulevard','CT_235');
insert into address values('AD_227','1820 Maring Parkway','CT_324');
insert into address values('AD_228','60 Poos de Caldas Street','CT_243');
insert into address values('AD_229','1014 Loja Manor','CT_22');
insert into address values('AD_230','201 Effon-Alaiye Way','CT_37');
insert into address values('AD_231','430 Alessandria Loop','CT_439');
insert into address values('AD_232','754 Valencia Place','CT_406');
insert into address values('AD_233','356 Olomouc Manor','CT_26');
insert into address values('AD_234','1256 Bislig Boulevard','CT_86');
insert into address values('AD_235','954 Kimchon Place','CT_559');
insert into address values('AD_236','885 Yingkou Manor','CT_596');
insert into address values('AD_237','1736 Cavite Place','CT_216');
insert into address values('AD_238','346 Skikda Parkway','CT_233');
insert into address values('AD_239','98 Stara Zagora Boulevard','CT_96');
insert into address values('AD_240','1479 Rustenburg Boulevard','CT_527');
insert into address values('AD_241','647 A Corua  Street','CT_357');
insert into address values('AD_242','1964 Gijn Manor','CT_473');
insert into address values('AD_243','47 Syktyvkar Lane','CT_118');
insert into address values('AD_244','1148 Saarbrcken Parkway','CT_226');
insert into address values('AD_245','1103 Bilbays Parkway','CT_578');
insert into address values('AD_246','1246 Boksburg Parkway','CT_422');
insert into address values('AD_247','1483 Pathankot Street','CT_454');
insert into address values('AD_248','582 Papeete Loop','CT_294');
insert into address values('AD_249','300 Junan Street','CT_553');
insert into address values('AD_250','829 Grand Prairie Way','CT_328');
insert into address values('AD_251','1473 Changhwa Parkway','CT_124');
insert into address values('AD_252','1309 Weifang Street','CT_520');
insert into address values('AD_253','1760 Oshawa Manor','CT_535');
insert into address values('AD_254','786 Stara Zagora Way','CT_390');
insert into address values('AD_255','1966 Tonghae Street','CT_198');
insert into address values('AD_256','1497 Yuzhou Drive','CT_312');
insert into address values('AD_258','752 Ondo Loop','CT_338');
insert into address values('AD_259','1338 Zalantun Lane','CT_413');
insert into address values('AD_260','127 Iwakuni Boulevard','CT_192');
insert into address values('AD_261','51 Laredo Avenue','CT_342');
insert into address values('AD_262','771 Yaound Manor','CT_64');
insert into address values('AD_263','532 Toulon Street','CT_460');
insert into address values('AD_264','1027 Banjul Place','CT_197');
insert into address values('AD_265','1158 Mandi Bahauddin Parkway','CT_136');
insert into address values('AD_266','862 Xintai Lane','CT_548');
insert into address values('AD_267','816 Cayenne Parkway','CT_414');
insert into address values('AD_268','1831 Nam Dinh Loop','CT_323');
insert into address values('AD_269','446 Kirovo-Tepetsk Lane','CT_203');
insert into address values('AD_270','682 Halisahar Place','CT_378');
insert into address values('AD_271','1587 Loja Manor','CT_447');
insert into address values('AD_272','1762 Paarl Parkway','CT_298');
insert into address values('AD_273','1519 Ilorin Place','CT_395');
insert into address values('AD_274','920 Kumbakonam Loop','CT_446');
insert into address values('AD_275','906 Goinia Way','CT_255');
insert into address values('AD_276','1675 Xiangfan Manor','CT_283');
insert into address values('AD_277','85 San Felipe de Puerto Plata Drive','CT_584');
insert into address values('AD_278','144 South Hill Loop','CT_445');
insert into address values('AD_279','1884 Shikarpur Avenue','CT_263');
insert into address values('AD_280','1980 Kamjanets-Podilskyi Street','CT_404');
insert into address values('AD_281','1944 Bamenda Way','CT_573');
insert into address values('AD_282','556 Baybay Manor','CT_374');
insert into address values('AD_283','457 Tongliao Loop','CT_222');
insert into address values('AD_284','600 Bradford Street','CT_514');
insert into address values('AD_285','1006 Santa Brbara dOeste Manor','CT_389');
insert into address values('AD_286','1308 Sumy Loop','CT_175');
insert into address values('AD_287','1405 Chisinau Place','CT_411');
insert into address values('AD_288','226 Halifax Street','CT_277');
insert into address values('AD_289','1279 Udine Parkway','CT_69');
insert into address values('AD_290','1336 Benin City Drive','CT_386');
insert into address values('AD_291','1155 Liaocheng Place','CT_152');
insert into address values('AD_292','1993 Tabuk Lane','CT_522');
insert into address values('AD_293','86 Higashiosaka Lane','CT_563');
insert into address values('AD_294','1912 Allende Manor','CT_279');
insert into address values('AD_295','544 Tarsus Boulevard','CT_562');
insert into address values('AD_296','1936 Cuman Avenue','CT_433');
insert into address values('AD_297','1192 Tongliao Street','CT_470');
insert into address values('AD_298','44 Najafabad Way','CT_146');
insert into address values('AD_299','32 Pudukkottai Lane','CT_140');
insert into address values('AD_300','661 Chisinau Lane','CT_274');
insert into address values('AD_301','951 Stara Zagora Manor','CT_400');
insert into address values('AD_302','922 Vila Velha Loop','CT_9');
insert into address values('AD_303','898 Jining Lane','CT_387');
insert into address values('AD_304','1635 Kuwana Boulevard','CT_205');
insert into address values('AD_305','41 El Alto Parkway','CT_398');
insert into address values('AD_306','1883 Maikop Lane','CT_254');
insert into address values('AD_307','1908 Gaziantep Place','CT_536');
insert into address values('AD_308','687 Alessandria Parkway','CT_455');
insert into address values('AD_309','827 Yuncheng Drive','CT_99');
insert into address values('AD_310','913 Coacalco de Berriozbal Loop','CT_33');
insert into address values('AD_311','715 So Bernardo do Campo Lane','CT_507');
insert into address values('AD_312','1354 Siegen Street','CT_25');
insert into address values('AD_313','1191 Sungai Petani Boulevard','CT_262');
insert into address values('AD_314','1224 Huejutla de Reyes Boulevard','CT_91');
insert into address values('AD_315','543 Bergamo Avenue','CT_215');
insert into address values('AD_316','746 Joliet Lane','CT_286');
insert into address values('AD_317','780 Kimberley Way','CT_515');
insert into address values('AD_318','1774 Yaound Place','CT_166');
insert into address values('AD_319','1957 Yantai Lane','CT_490');
insert into address values('AD_320','1542 Lubumbashi Boulevard','CT_57');
insert into address values('AD_321','651 Pathankot Loop','CT_336');
insert into address values('AD_322','1359 Zhoushan Parkway','CT_545');
insert into address values('AD_323','1769 Iwaki Lane','CT_97');
insert into address values('AD_324','1145 Vilnius Manor','CT_451');
insert into address values('AD_325','1892 Nabereznyje Telny Lane','CT_516');
insert into address values('AD_326','470 Boksburg Street','CT_81');
insert into address values('AD_327','1427 A Corua  Place','CT_45');
insert into address values('AD_328','479 San Felipe del Progreso Avenue','CT_130');
insert into address values('AD_329','867 Benin City Avenue','CT_591');
insert into address values('AD_330','981 Kumbakonam Place','CT_89');
insert into address values('AD_331','1016 Iwakuni Street','CT_269');
insert into address values('AD_332','663 Baha Blanca Parkway','CT_5');
insert into address values('AD_333','1860 Taguig Loop','CT_119');
insert into address values('AD_334','1816 Bydgoszcz Loop','CT_234');
insert into address values('AD_335','587 Benguela Manor','CT_42');
insert into address values('AD_336','430 Kumbakonam Drive','CT_457');
insert into address values('AD_337','1838 Tabriz Lane','CT_143');
insert into address values('AD_338','431 Szkesfehrvr Avenue','CT_48');
insert into address values('AD_339','503 Sogamoso Loop','CT_505');
insert into address values('AD_340','507 Smolensk Loop','CT_492');
insert into address values('AD_341','1920 Weifang Avenue','CT_427');
insert into address values('AD_342','124 al-Manama Way','CT_382');
insert into address values('AD_343','1443 Mardan Street','CT_392');
insert into address values('AD_344','1909 Benguela Lane','CT_581');
insert into address values('AD_345','68 Ponce Parkway','CT_201');
insert into address values('AD_346','1217 Konotop Avenue','CT_151');
insert into address values('AD_347','1293 Nam Dinh Way','CT_84');
insert into address values('AD_348','785 Vaduz Street','CT_335');
insert into address values('AD_349','1516 Escobar Drive','CT_370');
insert into address values('AD_350','1628 Nagareyama Lane','CT_453');
insert into address values('AD_351','1157 Nyeri Loop','CT_320');
insert into address values('AD_352','1673 Tangail Drive','CT_137');
insert into address values('AD_353','381 Kabul Way','CT_209');
insert into address values('AD_354','953 Hodeida Street','CT_221');
insert into address values('AD_355','469 Nakhon Sawan Street','CT_531');
insert into address values('AD_356','1378 Beira Loop','CT_597');
insert into address values('AD_357','1641 Changhwa Place','CT_52');
insert into address values('AD_358','1698 Southport Loop','CT_393');
insert into address values('AD_359','519 Nyeri Manor','CT_461');
insert into address values('AD_360','619 Hunuco Avenue','CT_331');
insert into address values('AD_361','45 Aparecida de Goinia Place','CT_464');
insert into address values('AD_362','482 Kowloon and New Kowloon Manor','CT_90');
insert into address values('AD_363','604 Bern Place','CT_429');
insert into address values('AD_364','1623 Kingstown Drive','CT_20');
insert into address values('AD_365','1009 Zanzibar Lane','CT_32');
insert into address values('AD_366','114 Jalib al-Shuyukh Manor','CT_585');
insert into address values('AD_367','1163 London Parkway','CT_66');
insert into address values('AD_368','1658 Jastrzebie-Zdrj Loop','CT_372');
insert into address values('AD_369','817 Laredo Avenue','CT_188');
insert into address values('AD_370','1565 Tangail Manor','CT_377');
insert into address values('AD_371','1912 Emeishan Drive','CT_50');
insert into address values('AD_372','230 Urawa Drive','CT_8');
insert into address values('AD_373','1922 Miraj Way','CT_356');
insert into address values('AD_374','433 Florencia Street','CT_250');
insert into address values('AD_375','1049 Matamoros Parkway','CT_191');
insert into address values('AD_376','1061 Ede Avenue','CT_98');
insert into address values('AD_377','154 Oshawa Manor','CT_415');
insert into address values('AD_378','1191 Tandil Drive','CT_523');
insert into address values('AD_379','1133 Rizhao Avenue','CT_572');
insert into address values('AD_380','1519 Santiago de los Caballeros Loop','CT_348');
insert into address values('AD_381','1618 Olomouc Manor','CT_285');
insert into address values('AD_382','220 Hidalgo Drive','CT_265');
insert into address values('AD_383','686 Donostia-San Sebastin Lane','CT_471');
insert into address values('AD_384','97 Mogiljov Lane','CT_73');
insert into address values('AD_385','1642 Charlotte Amalie Drive','CT_549');
insert into address values('AD_386','1368 Maracabo Boulevard','CT_493');
insert into address values('AD_387','401 Sucre Boulevard','CT_322');
insert into address values('AD_388','368 Hunuco Boulevard','CT_360');
insert into address values('AD_389','500 Lincoln Parkway','CT_210');
insert into address values('AD_390','102 Chapra Drive','CT_521');
insert into address values('AD_391','1793 Meixian Place','CT_258');
insert into address values('AD_392','514 Ife Way','CT_315');
insert into address values('AD_393','717 Changzhou Lane','CT_104');
insert into address values('AD_394','753 Ilorin Avenue','CT_157');
insert into address values('AD_395','1337 Mit Ghamr Avenue','CT_358');
insert into address values('AD_396','767 Pyongyang Drive','CT_229');
insert into address values('AD_397','614 Pak Kret Street','CT_6');
insert into address values('AD_398','954 Lapu-Lapu Way','CT_278');
insert into address values('AD_399','331 Bydgoszcz Parkway','CT_181');
insert into address values('AD_400','1152 Citrus Heights Manor','CT_15');
insert into address values('AD_401','168 Cianjur Manor','CT_228');
insert into address values('AD_402','616 Hagonoy Avenue','CT_39');
insert into address values('AD_403','1190 0 Place','CT_44');
insert into address values('AD_404','734 Bchar Place','CT_375');
insert into address values('AD_405','530 Lausanne Lane','CT_135');
insert into address values('AD_406','454 Patiala Lane','CT_276');
insert into address values('AD_407','1346 Mysore Drive','CT_92');
insert into address values('AD_408','990 Etawah Loop','CT_564');
insert into address values('AD_409','1266 Laredo Parkway','CT_380');
insert into address values('AD_410','88 Nagaon Manor','CT_524');
insert into address values('AD_411','264 Bhimavaram Manor','CT_111');
insert into address values('AD_412','1639 Saarbrcken Drive','CT_437');
insert into address values('AD_413','692 Amroha Drive','CT_230');
insert into address values('AD_414','1936 Lapu-Lapu Parkway','CT_141');
insert into address values('AD_415','432 Garden Grove Street','CT_430');
insert into address values('AD_416','1445 Carmen Parkway','CT_117');
insert into address values('AD_417','791 Salinas Street','CT_208');
insert into address values('AD_418','126 Acua Parkway','CT_71');
insert into address values('AD_419','397 Sunnyvale Avenue','CT_19');
insert into address values('AD_420','992 Klerksdorp Loop','CT_23');
insert into address values('AD_421','966 Arecibo Loop','CT_134');
insert into address values('AD_422','289 Santo Andr Manor','CT_16');
insert into address values('AD_423','437 Chungho Drive','CT_450');
insert into address values('AD_424','1948 Bayugan Parkway','CT_264');
insert into address values('AD_425','1866 al-Qatif Avenue','CT_155');
insert into address values('AD_426','1661 Abha Drive','CT_416');
insert into address values('AD_427','1557 Cape Coral Parkway','CT_293');
insert into address values('AD_428','1727 Matamoros Place','CT_465');
insert into address values('AD_429','1269 Botosani Manor','CT_468');
insert into address values('AD_430','355 Vitria de Santo Anto Way','CT_452');
insert into address values('AD_431','1596 Acua Parkway','CT_418');
insert into address values('AD_432','259 Ipoh Drive','CT_189');
insert into address values('AD_433','1823 Hoshiarpur Lane','CT_510');
insert into address values('AD_434','1404 Taguig Drive','CT_547');
insert into address values('AD_435','740 Udaipur Lane','CT_150');
insert into address values('AD_436','287 Cuautla Boulevard','CT_501');
insert into address values('AD_437','1766 Almirante Brown Street','CT_364');
insert into address values('AD_438','596 Huixquilucan Place','CT_351');
insert into address values('AD_439','1351 Aparecida de Goinia Parkway','CT_391');
insert into address values('AD_440','722 Bradford Lane','CT_249');
insert into address values('AD_441','983 Santa F Way','CT_565');
insert into address values('AD_442','1245 Ibirit Way','CT_290');
insert into address values('AD_443','1836 Korla Parkway','CT_272');
insert into address values('AD_444','231 Kaliningrad Place','CT_70');
insert into address values('AD_445','495 Bhimavaram Lane','CT_144');
insert into address values('AD_446','1924 Shimonoseki Drive','CT_59');
insert into address values('AD_447','105 Dzerzinsk Manor','CT_540');
insert into address values('AD_448','614 Denizli Parkway','CT_486');
insert into address values('AD_449','1289 Belm Boulevard','CT_530');
insert into address values('AD_450','203 Tambaram Street','CT_161');
insert into address values('AD_451','1704 Tambaram Manor','CT_554');
insert into address values('AD_452','207 Cuernavaca Loop','CT_352');
insert into address values('AD_453','319 Springs Loop','CT_160');
insert into address values('AD_454','956 Nam Dinh Manor','CT_481');
insert into address values('AD_455','1947 Paarl Way','CT_509');
insert into address values('AD_456','814 Simferopol Loop','CT_154');
insert into address values('AD_457','535 Ahmadnagar Manor','CT_3');
insert into address values('AD_458','138 Caracas Boulevard','CT_326');
insert into address values('AD_459','251 Florencia Drive','CT_556');
insert into address values('AD_460','659 Gatineau Boulevard','CT_153');
insert into address values('AD_461','1889 Valparai Way','CT_600');
insert into address values('AD_462','1485 Bratislava Place','CT_435');
insert into address values('AD_463','935 Aden Boulevard','CT_532');
insert into address values('AD_464','76 Kermanshah Manor','CT_423');
insert into address values('AD_465','734 Tanshui Avenue','CT_170');
insert into address values('AD_466','118 Jaffna Loop','CT_182');
insert into address values('AD_467','1621 Tongliao Avenue','CT_558');
insert into address values('AD_468','1844 Usak Avenue','CT_196');
insert into address values('AD_469','1872 Toulon Loop','CT_428');
insert into address values('AD_470','1088 Ibirit Place','CT_595');
insert into address values('AD_471','1322 Mosul Parkway','CT_145');
insert into address values('AD_472','1447 Chatsworth Place','CT_129');
insert into address values('AD_473','1257 Guadalajara Street','CT_78');
insert into address values('AD_474','1469 Plock Lane','CT_388');
insert into address values('AD_475','434 Ourense  Manor','CT_206');
insert into address values('AD_476','270 Tambaram Parkway','CT_244');
insert into address values('AD_477','1786 Salinas Place','CT_359');
insert into address values('AD_478','1078 Stara Zagora Drive','CT_301');
insert into address values('AD_479','1854 Okara Boulevard','CT_158');
insert into address values('AD_480','421 Yaound Street','CT_385');
insert into address values('AD_481','1153 Allende Way','CT_179');
insert into address values('AD_482','808 Naala-Porto Parkway','CT_500');
insert into address values('AD_483','632 Usolje-Sibirskoje Parkway','CT_36');
insert into address values('AD_484','98 Pyongyang Boulevard','CT_11');
insert into address values('AD_485','984 Novoterkassk Loop','CT_180');
insert into address values('AD_486','64 Korla Street','CT_347');
insert into address values('AD_487','1785 So Bernardo do Campo Street','CT_125');
insert into address values('AD_488','698 Jelets Boulevard','CT_142');
insert into address values('AD_489','1297 Alvorada Parkway','CT_587');
insert into address values('AD_490','1909 Dayton Avenue','CT_469');
insert into address values('AD_491','1789 Saint-Denis Parkway','CT_4');
insert into address values('AD_492','185 Mannheim Lane','CT_408');
insert into address values('AD_493','184 Mandaluyong Street','CT_288');
insert into address values('AD_494','591 Sungai Petani Drive','CT_376');
insert into address values('AD_495','656 Matamoros Drive','CT_487');
insert into address values('AD_496','775 ostka Drive','CT_337');
insert into address values('AD_497','1013 Tabuk Boulevard','CT_261');
insert into address values('AD_498','319 Plock Parkway','CT_504');
insert into address values('AD_499','1954 Kowloon and New Kowloon Way','CT_434');
insert into address values('AD_500','362 Rajkot Lane','CT_47');
insert into address values('AD_501','1060 Tandil Lane','CT_432');
insert into address values('AD_502','1515 Korla Way','CT_589');
insert into address values('AD_503','1416 San Juan Bautista Tuxtepec Avenue','CT_444');
insert into address values('AD_504','1 Valle de Santiago Avenue','CT_93');
insert into address values('AD_505','519 Brescia Parkway','CT_318');
insert into address values('AD_506','414 Mandaluyong Street','CT_314');
insert into address values('AD_507','1197 Sokoto Boulevard','CT_478');
insert into address values('AD_508','496 Celaya Drive','CT_552');
insert into address values('AD_509','786 Matsue Way','CT_245');
insert into address values('AD_510','48 Maracabo Place','CT_519');
insert into address values('AD_511','1152 al-Qatif Lane','CT_412');
insert into address values('AD_512','1269 Ipoh Avenue','CT_163');
insert into address values('AD_513','758 Korolev Parkway','CT_568');
insert into address values('AD_514','1747 Rustenburg Place','CT_110');
insert into address values('AD_515','886 Tonghae Place','CT_259');
insert into address values('AD_516','1574 Goinia Boulevard','CT_502');
insert into address values('AD_517','548 Uruapan Street','CT_312');
insert into address values('AD_519','962 Tama Loop','CT_583');
insert into address values('AD_520','1778 Gijn Manor','CT_594');
insert into address values('AD_521','568 Dhule  Loop','CT_127');
insert into address values('AD_522','1768 Udine Loop','CT_60');
insert into address values('AD_523','608 Birgunj Parkway','CT_116');
insert into address values('AD_524','680 A Corua  Manor','CT_482');
insert into address values('AD_525','1949 Sanya Street','CT_224');
insert into address values('AD_526','617 Klerksdorp Place','CT_366');
insert into address values('AD_527','1993 0 Loop','CT_588');
insert into address values('AD_528','1176 Southend-on-Sea Manor','CT_458');
insert into address values('AD_529','600 Purnea  Avenue','CT_571');
insert into address values('AD_530','1003 Qinhuangdao Street','CT_419');
insert into address values('AD_531','1986 Sivas Place','CT_551');
insert into address values('AD_532','1427 Tabuk Place','CT_101');
insert into address values('AD_533','556 Asuncin Way','CT_339');
insert into address values('AD_534','486 Ondo Parkway','CT_67');
insert into address values('AD_535','635 Brest Manor','CT_75');
insert into address values('AD_536','166 Jinchang Street','CT_165');
insert into address values('AD_537','958 Sagamihara Lane','CT_287');
insert into address values('AD_538','1817 Livorno Way','CT_100');
insert into address values('AD_539','1332 Gaziantep Lane','CT_80');
insert into address values('AD_540','949 Allende Lane','CT_24');
insert into address values('AD_541','195 Ilorin Street','CT_363');
insert into address values('AD_542','193 Bhusawal Place','CT_539');
insert into address values('AD_543','43 Vilnius Manor','CT_42');
insert into address values('AD_544','183 Haiphong Street','CT_46');
insert into address values('AD_545','163 Augusta-Richmond County Loop','CT_561');
insert into address values('AD_546','191 Jos Azueta Parkway','CT_436');
insert into address values('AD_547','379 Lublin Parkway','CT_309');
insert into address values('AD_548','1658 Cuman Loop','CT_396');
insert into address values('AD_549','454 Qinhuangdao Drive','CT_68');
insert into address values('AD_550','1715 Okayama Street','CT_485');
insert into address values('AD_551','182 Nukualofa Drive','CT_275');
insert into address values('AD_552','390 Wroclaw Way','CT_462');
insert into address values('AD_553','1421 Quilmes Lane','CT_260');
insert into address values('AD_554','947 Trshavn Place','CT_528');
insert into address values('AD_555','1764 Jalib al-Shuyukh Parkway','CT_459');
insert into address values('AD_556','346 Cam Ranh Avenue','CT_599');
insert into address values('AD_557','1407 Pachuca de Soto Place','CT_21');
insert into address values('AD_558','904 Clarksville Drive','CT_193');
insert into address values('AD_559','1917 Kumbakonam Parkway','CT_368');
insert into address values('AD_560','1447 Imus Place','CT_426');
insert into address values('AD_561','1497 Fengshan Drive','CT_112');
insert into address values('AD_562','869 Shikarpur Way','CT_496');
insert into address values('AD_563','1059 Yuncheng Avenue','CT_570');
insert into address values('AD_564','505 Madiun Boulevard','CT_577');
insert into address values('AD_565','1741 Hoshiarpur Boulevard','CT_79');
insert into address values('AD_566','1229 Varanasi  Manor','CT_43');
insert into address values('AD_567','1894 Boa Vista Way','CT_178');
insert into address values('AD_568','1342 Sharja Way','CT_488');
insert into address values('AD_569','1342 Abha Boulevard','CT_95');
insert into address values('AD_570','415 Pune Avenue','CT_580');
insert into address values('AD_571','1746 Faaa Way','CT_214');
insert into address values('AD_572','539 Hami Way','CT_538');
insert into address values('AD_573','1407 Surakarta Manor','CT_466');
insert into address values('AD_574','502 Mandi Bahauddin Parkway','CT_55');
insert into address values('AD_575','1052 Pathankot Avenue','CT_299');
insert into address values('AD_576','1351 Sousse Lane','CT_341');
insert into address values('AD_577','1501 Pangkal Pinang Avenue','CT_409');
insert into address values('AD_578','1405 Hagonoy Avenue','CT_133');
insert into address values('AD_579','521 San Juan Bautista Tuxtepec Place','CT_598');
insert into address values('AD_580','923 Tangail Boulevard','CT_10');
insert into address values('AD_581','186 Skikda Lane','CT_131');
insert into address values('AD_582','1568 Celaya Parkway','CT_168');
insert into address values('AD_583','1489 Kakamigahara Lane','CT_526');
insert into address values('AD_584','1819 Alessandria Loop','CT_103');
insert into address values('AD_585','1208 Tama Loop','CT_344');
insert into address values('AD_586','951 Springs Lane','CT_219');
insert into address values('AD_587','760 Miyakonojo Drive','CT_246');
insert into address values('AD_588','966 Asuncin Way','CT_212');
insert into address values('AD_589','1584 Ljubertsy Lane','CT_494');
insert into address values('AD_590','247 Jining Parkway','CT_54');
insert into address values('AD_591','773 Dallas Manor','CT_424');
insert into address values('AD_592','1923 Stara Zagora Lane','CT_546');
insert into address values('AD_593','1402 Zanzibar Boulevard','CT_106');
insert into address values('AD_594','1464 Kursk Parkway','CT_574');
insert into address values('AD_595','1074 Sanaa Parkway','CT_311');
insert into address values('AD_596','1759 Niznekamsk Avenue','CT_14');
insert into address values('AD_597','32 Liaocheng Way','CT_248');
insert into address values('AD_598','42 Fontana Avenue','CT_512');
insert into address values('AD_599','1895 Zhezqazghan Drive','CT_177');
insert into address values('AD_600','1837 Kaduna Parkway','CT_241');
insert into address values('AD_601','844 Bucuresti Place','CT_242');
insert into address values('AD_602','1101 Bucuresti Boulevard','CT_401');
insert into address values('AD_603','1103 Quilmes Boulevard','CT_503');
insert into address values('AD_604','1331 Usak Boulevard','CT_296');
insert into address values('AD_605','1325 Fukuyama Street','CT_537');


-----------Insert Statement for City-----------------------------
insert into city values('CT_1','A Corua ','CN_87');
insert into city values('CT_2','Abha','CN_82');
insert into city values('CT_3','Abu Dhabi','CN_101');
insert into city values('CT_4','Acua','CN_60');
insert into city values('CT_5','Adana','CN_97');
insert into city values('CT_6','Addis Abeba','CN_31');
insert into city values('CT_7','Aden','CN_107');
insert into city values('CT_8','Adoni','CN_44');
insert into city values('CT_9','Ahmadnagar','CN_44');
insert into city values('CT_10','Akishima','CN_50');
insert into city values('CT_11','Akron','CN_103');
insert into city values('CT_12','al-Ayn','CN_101');
insert into city values('CT_13','al-Hawiya','CN_82');
insert into city values('CT_14','al-Manama','CN_11');
insert into city values('CT_15','al-Qadarif','CN_89');
insert into city values('CT_16','al-Qatif','CN_82');
insert into city values('CT_17','Alessandria','CN_49');
insert into city values('CT_18','Allappuzha','CN_44');
insert into city values('CT_19','Allende','CN_60');
insert into city values('CT_20','Almirante Brown','CN_6');
insert into city values('CT_21','Alvorada','CN_15');
insert into city values('CT_22','Ambattur','CN_44');
insert into city values('CT_23','Amersfoort','CN_67');
insert into city values('CT_24','Amroha','CN_44');
insert into city values('CT_25','Angra dos Reis','CN_15');
insert into city values('CT_26','Anpolis','CN_15');
insert into city values('CT_27','Antofagasta','CN_22');
insert into city values('CT_28','Aparecida de Goinia','CN_15');
insert into city values('CT_29','Apeldoorn','CN_67');
insert into city values('CT_30','Araatuba','CN_15');
insert into city values('CT_31','Arak','CN_46');
insert into city values('CT_32','Arecibo','CN_77');
insert into city values('CT_33','Arlington','CN_103');
insert into city values('CT_34','Ashdod','CN_48');
insert into city values('CT_35','Ashgabat','CN_98');
insert into city values('CT_36','Ashqelon','CN_48');
insert into city values('CT_37','Asuncin','CN_73');
insert into city values('CT_38','Athenai','CN_39');
insert into city values('CT_39','Atinsk','CN_80');
insert into city values('CT_40','Atlixco','CN_60');
insert into city values('CT_41','Augusta-Richmond County','CN_103');
insert into city values('CT_42','Aurora','CN_103');
insert into city values('CT_43','Avellaneda','CN_6');
insert into city values('CT_44','Bag','CN_15');
insert into city values('CT_45','Baha Blanca','CN_6');
insert into city values('CT_46','Baicheng','CN_23');
insert into city values('CT_47','Baiyin','CN_23');
insert into city values('CT_48','Baku','CN_10');
insert into city values('CT_49','Balaiha','CN_80');
insert into city values('CT_50','Balikesir','CN_97');
insert into city values('CT_51','Balurghat','CN_44');
insert into city values('CT_52','Bamenda','CN_19');
insert into city values('CT_53','Bandar Seri Begawan','CN_16');
insert into city values('CT_54','Banjul','CN_37');
insert into city values('CT_55','Barcelona','CN_104');
insert into city values('CT_56','Basel','CN_91');
insert into city values('CT_57','Bat Yam','CN_48');
insert into city values('CT_58','Batman','CN_97');
insert into city values('CT_59','Batna','CN_2');
insert into city values('CT_60','Battambang','CN_18');
insert into city values('CT_61','Baybay','CN_75');
insert into city values('CT_62','Bayugan','CN_75');
insert into city values('CT_63','Bchar','CN_2');
insert into city values('CT_64','Beira','CN_63');
insert into city values('CT_65','Bellevue','CN_103');
insert into city values('CT_66','Belm','CN_15');
insert into city values('CT_67','Benguela','CN_4');
insert into city values('CT_68','Beni-Mellal','CN_62');
insert into city values('CT_69','Benin City','CN_69');
insert into city values('CT_70','Bergamo','CN_49');
insert into city values('CT_71','Berhampore','CN_44');
insert into city values('CT_72','Bern','CN_91');
insert into city values('CT_73','Bhavnagar','CN_44');
insert into city values('CT_74','Bhilwara','CN_44');
insert into city values('CT_75','Bhimavaram','CN_44');
insert into city values('CT_76','Bhopal','CN_44');
insert into city values('CT_77','Bhusawal','CN_44');
insert into city values('CT_78','Bijapur','CN_44');
insert into city values('CT_79','Bilbays','CN_29');
insert into city values('CT_80','Binzhou','CN_23');
insert into city values('CT_81','Birgunj','CN_66');
insert into city values('CT_82','Bislig','CN_75');
insert into city values('CT_83','Blumenau','CN_15');
insert into city values('CT_84','Boa Vista','CN_15');
insert into city values('CT_85','Boksburg','CN_85');
insert into city values('CT_86','Botosani','CN_78');
insert into city values('CT_87','Botshabelo','CN_85');
insert into city values('CT_88','Bradford','CN_102');
insert into city values('CT_89','Braslia','CN_15');
insert into city values('CT_90','Bratislava','CN_84');
insert into city values('CT_91','Brescia','CN_49');
insert into city values('CT_92','Brest','CN_34');
insert into city values('CT_93','Brindisi','CN_49');
insert into city values('CT_94','Brockton','CN_103');
insert into city values('CT_95','Bucuresti','CN_78');
insert into city values('CT_96','Buenaventura','CN_24');
insert into city values('CT_97','Bydgoszcz','CN_76');
insert into city values('CT_98','Cabuyao','CN_75');
insert into city values('CT_99','Callao','CN_74');
insert into city values('CT_100','Cam Ranh','CN_105');
insert into city values('CT_101','Cape Coral','CN_103');
insert into city values('CT_102','Caracas','CN_104');
insert into city values('CT_103','Carmen','CN_60');
insert into city values('CT_104','Cavite','CN_75');
insert into city values('CT_105','Cayenne','CN_35');
insert into city values('CT_106','Celaya','CN_60');
insert into city values('CT_107','Chandrapur','CN_44');
insert into city values('CT_108','Changhwa','CN_92');
insert into city values('CT_109','Changzhou','CN_23');
insert into city values('CT_110','Chapra','CN_44');
insert into city values('CT_111','Charlotte Amalie','CN_106');
insert into city values('CT_112','Chatsworth','CN_85');
insert into city values('CT_113','Cheju','CN_86');
insert into city values('CT_114','Chiayi','CN_92');
insert into city values('CT_115','Chisinau','CN_61');
insert into city values('CT_116','Chungho','CN_92');
insert into city values('CT_117','Cianjur','CN_45');
insert into city values('CT_118','Ciomas','CN_45');
insert into city values('CT_119','Ciparay','CN_45');
insert into city values('CT_120','Citrus Heights','CN_103');
insert into city values('CT_121','Citt del Vaticano','CN_41');
insert into city values('CT_122','Ciudad del Este','CN_73');
insert into city values('CT_123','Clarksville','CN_103');
insert into city values('CT_124','Coacalco de Berriozbal','CN_60');
insert into city values('CT_125','Coatzacoalcos','CN_60');
insert into city values('CT_126','Compton','CN_103');
insert into city values('CT_127','Coquimbo','CN_22');
insert into city values('CT_128','Crdoba','CN_6');
insert into city values('CT_129','Cuauhtmoc','CN_60');
insert into city values('CT_130','Cuautla','CN_60');
insert into city values('CT_131','Cuernavaca','CN_60');
insert into city values('CT_132','Cuman','CN_104');
insert into city values('CT_133','Czestochowa','CN_76');
insert into city values('CT_134','Dadu','CN_72');
insert into city values('CT_135','Dallas','CN_103');
insert into city values('CT_136','Datong','CN_23');
insert into city values('CT_137','Daugavpils','CN_54');
insert into city values('CT_138','Davao','CN_75');
insert into city values('CT_139','Daxian','CN_23');
insert into city values('CT_140','Dayton','CN_103');
insert into city values('CT_141','Deba Habe','CN_69');
insert into city values('CT_142','Denizli','CN_97');
insert into city values('CT_143','Dhaka','CN_12');
insert into city values('CT_144','Dhule','CN_44');
insert into city values('CT_145','Dongying','CN_23');
insert into city values('CT_146','Donostia-San Sebastin','CN_87');
insert into city values('CT_147','Dos Quebradas','CN_24');
insert into city values('CT_148','Duisburg','CN_38');
insert into city values('CT_149','Dundee','CN_102');
insert into city values('CT_150','Dzerzinsk','CN_80');
insert into city values('CT_151','Ede','CN_67');
insert into city values('CT_152','Effon-Alaiye','CN_69');
insert into city values('CT_153','El Alto','CN_14');
insert into city values('CT_154','El Fuerte','CN_60');
insert into city values('CT_155','El Monte','CN_103');
insert into city values('CT_156','Elista','CN_80');
insert into city values('CT_157','Emeishan','CN_23');
insert into city values('CT_158','Emmen','CN_67');
insert into city values('CT_159','Enshi','CN_23');
insert into city values('CT_160','Erlangen','CN_38');
insert into city values('CT_161','Escobar','CN_6');
insert into city values('CT_162','Esfahan','CN_46');
insert into city values('CT_163','Eskisehir','CN_97');
insert into city values('CT_164','Etawah','CN_44');
insert into city values('CT_165','Ezeiza','CN_6');
insert into city values('CT_166','Ezhou','CN_23');
insert into city values('CT_167','Faaa','CN_36');
insert into city values('CT_168','Fengshan','CN_92');
insert into city values('CT_169','Firozabad','CN_44');
insert into city values('CT_170','Florencia','CN_24');
insert into city values('CT_171','Fontana','CN_103');
insert into city values('CT_172','Fukuyama','CN_50');
insert into city values('CT_173','Funafuti','CN_99');
insert into city values('CT_174','Fuyu','CN_23');
insert into city values('CT_175','Fuzhou','CN_23');
insert into city values('CT_176','Gandhinagar','CN_44');
insert into city values('CT_177','Garden Grove','CN_103');
insert into city values('CT_178','Garland','CN_103');
insert into city values('CT_179','Gatineau','CN_20');
insert into city values('CT_180','Gaziantep','CN_97');
insert into city values('CT_181','Gijn','CN_87');
insert into city values('CT_182','Gingoog','CN_75');
insert into city values('CT_183','Goinia','CN_15');
insert into city values('CT_184','Gorontalo','CN_45');
insert into city values('CT_185','Grand Prairie','CN_103');
insert into city values('CT_186','Graz','CN_9');
insert into city values('CT_187','Greensboro','CN_103');
insert into city values('CT_188','Guadalajara','CN_60');
insert into city values('CT_189','Guaruj','CN_15');
insert into city values('CT_190','guas Lindas de Gois','CN_15');
insert into city values('CT_191','Gulbarga','CN_44');
insert into city values('CT_192','Hagonoy','CN_75');
insert into city values('CT_193','Haining','CN_23');
insert into city values('CT_194','Haiphong','CN_105');
insert into city values('CT_195','Haldia','CN_44');
insert into city values('CT_196','Halifax','CN_20');
insert into city values('CT_197','Halisahar','CN_44');
insert into city values('CT_198','Halle/Saale','CN_38');
insert into city values('CT_199','Hami','CN_23');
insert into city values('CT_200','Hamilton','CN_68');
insert into city values('CT_201','Hanoi','CN_105');
insert into city values('CT_202','Hidalgo','CN_60');
insert into city values('CT_203','Higashiosaka','CN_50');
insert into city values('CT_204','Hino','CN_50');
insert into city values('CT_205','Hiroshima','CN_50');
insert into city values('CT_206','Hodeida','CN_107');
insert into city values('CT_207','Hohhot','CN_23');
insert into city values('CT_208','Hoshiarpur','CN_44');
insert into city values('CT_209','Hsichuh','CN_92');
insert into city values('CT_210','Huaian','CN_23');
insert into city values('CT_211','Hubli-Dharwad','CN_44');
insert into city values('CT_212','Huejutla de Reyes','CN_60');
insert into city values('CT_213','Huixquilucan','CN_60');
insert into city values('CT_214','Hunuco','CN_74');
insert into city values('CT_215','Ibirit','CN_15');
insert into city values('CT_216','Idfu','CN_29');
insert into city values('CT_217','Ife','CN_69');
insert into city values('CT_218','Ikerre','CN_69');
insert into city values('CT_219','Iligan','CN_75');
insert into city values('CT_220','Ilorin','CN_69');
insert into city values('CT_221','Imus','CN_75');
insert into city values('CT_222','Inegl','CN_97');
insert into city values('CT_223','Ipoh','CN_59');
insert into city values('CT_224','Isesaki','CN_50');
insert into city values('CT_225','Ivanovo','CN_80');
insert into city values('CT_226','Iwaki','CN_50');
insert into city values('CT_227','Iwakuni','CN_50');
insert into city values('CT_228','Iwatsuki','CN_50');
insert into city values('CT_229','Izumisano','CN_50');
insert into city values('CT_230','Jaffna','CN_88');
insert into city values('CT_231','Jaipur','CN_44');
insert into city values('CT_232','Jakarta','CN_45');
insert into city values('CT_233','Jalib al-Shuyukh','CN_53');
insert into city values('CT_234','Jamalpur','CN_12');
insert into city values('CT_235','Jaroslavl','CN_80');
insert into city values('CT_236','Jastrzebie-Zdrj','CN_76');
insert into city values('CT_237','Jedda','CN_82');
insert into city values('CT_238','Jelets','CN_80');
insert into city values('CT_239','Jhansi','CN_44');
insert into city values('CT_240','Jinchang','CN_23');
insert into city values('CT_241','Jining','CN_23');
insert into city values('CT_242','Jinzhou','CN_23');
insert into city values('CT_243','Jodhpur','CN_44');
insert into city values('CT_244','Johannesburg','CN_85');
insert into city values('CT_245','Joliet','CN_103');
insert into city values('CT_246','Jos Azueta','CN_60');
insert into city values('CT_247','Juazeiro do Norte','CN_15');
insert into city values('CT_248','Juiz de Fora','CN_15');
insert into city values('CT_249','Junan','CN_23');
insert into city values('CT_250','Jurez','CN_60');
insert into city values('CT_251','Kabul','CN_1');
insert into city values('CT_252','Kaduna','CN_69');
insert into city values('CT_253','Kakamigahara','CN_50');
insert into city values('CT_254','Kaliningrad','CN_80');
insert into city values('CT_255','Kalisz','CN_76');
insert into city values('CT_256','Kamakura','CN_50');
insert into city values('CT_257','Kamarhati','CN_44');
insert into city values('CT_258','Kamjanets-Podilskyi','CN_100');
insert into city values('CT_259','Kamyin','CN_80');
insert into city values('CT_260','Kanazawa','CN_50');
insert into city values('CT_261','Kanchrapara','CN_44');
insert into city values('CT_262','Kansas City','CN_103');
insert into city values('CT_263','Karnal','CN_44');
insert into city values('CT_264','Katihar','CN_44');
insert into city values('CT_265','Kermanshah','CN_46');
insert into city values('CT_266','Kilis','CN_97');
insert into city values('CT_267','Kimberley','CN_85');
insert into city values('CT_268','Kimchon','CN_86');
insert into city values('CT_269','Kingstown','CN_81');
insert into city values('CT_270','Kirovo-Tepetsk','CN_80');
insert into city values('CT_271','Kisumu','CN_52');
insert into city values('CT_272','Kitwe','CN_109');
insert into city values('CT_273','Klerksdorp','CN_85');
insert into city values('CT_274','Kolpino','CN_80');
insert into city values('CT_275','Konotop','CN_100');
insert into city values('CT_276','Koriyama','CN_50');
insert into city values('CT_277','Korla','CN_23');
insert into city values('CT_278','Korolev','CN_80');
insert into city values('CT_279','Kowloon and New Kowloon','CN_42');
insert into city values('CT_280','Kragujevac','CN_108');
insert into city values('CT_281','Ktahya','CN_97');
insert into city values('CT_282','Kuching','CN_59');
insert into city values('CT_283','Kumbakonam','CN_44');
insert into city values('CT_284','Kurashiki','CN_50');
insert into city values('CT_285','Kurgan','CN_80');
insert into city values('CT_286','Kursk','CN_80');
insert into city values('CT_287','Kuwana','CN_50');
insert into city values('CT_288','La Paz','CN_60');
insert into city values('CT_289','La Plata','CN_6');
insert into city values('CT_290','La Romana','CN_27');
insert into city values('CT_291','Laiwu','CN_23');
insert into city values('CT_292','Lancaster','CN_103');
insert into city values('CT_293','Laohekou','CN_23');
insert into city values('CT_294','Lapu-Lapu','CN_75');
insert into city values('CT_295','Laredo','CN_103');
insert into city values('CT_296','Lausanne','CN_91');
insert into city values('CT_297','Le Mans','CN_34');
insert into city values('CT_298','Lengshuijiang','CN_23');
insert into city values('CT_299','Leshan','CN_23');
insert into city values('CT_300','Lethbridge','CN_20');
insert into city values('CT_301','Lhokseumawe','CN_45');
insert into city values('CT_302','Liaocheng','CN_23');
insert into city values('CT_303','Liepaja','CN_54');
insert into city values('CT_304','Lilongwe','CN_58');
insert into city values('CT_305','Lima','CN_74');
insert into city values('CT_306','Lincoln','CN_103');
insert into city values('CT_307','Linz','CN_9');
insert into city values('CT_308','Lipetsk','CN_80');
insert into city values('CT_309','Livorno','CN_49');
insert into city values('CT_310','Ljubertsy','CN_80');
insert into city values('CT_311','Loja','CN_28');
insert into city values('CT_312','London','CN_102');
insert into city values('CT_313','London','CN_20');
insert into city values('CT_314','Lublin','CN_76');
insert into city values('CT_315','Lubumbashi','CN_25');
insert into city values('CT_316','Lungtan','CN_92');
insert into city values('CT_317','Luzinia','CN_15');
insert into city values('CT_318','Madiun','CN_45');
insert into city values('CT_319','Mahajanga','CN_57');
insert into city values('CT_320','Maikop','CN_80');
insert into city values('CT_321','Malm','CN_90');
insert into city values('CT_322','Manchester','CN_103');
insert into city values('CT_323','Mandaluyong','CN_75');
insert into city values('CT_324','Mandi Bahauddin','CN_72');
insert into city values('CT_325','Mannheim','CN_38');
insert into city values('CT_326','Maracabo','CN_104');
insert into city values('CT_327','Mardan','CN_72');
insert into city values('CT_328','Maring','CN_15');
insert into city values('CT_329','Masqat','CN_71');
insert into city values('CT_330','Matamoros','CN_60');
insert into city values('CT_331','Matsue','CN_50');
insert into city values('CT_332','Meixian','CN_23');
insert into city values('CT_333','Memphis','CN_103');
insert into city values('CT_334','Merlo','CN_6');
insert into city values('CT_335','Mexicali','CN_60');
insert into city values('CT_336','Miraj','CN_44');
insert into city values('CT_337','Mit Ghamr','CN_29');
insert into city values('CT_338','Miyakonojo','CN_50');
insert into city values('CT_339','Mogiljov','CN_13');
insert into city values('CT_340','Molodetno','CN_13');
insert into city values('CT_341','Monclova','CN_60');
insert into city values('CT_342','Monywa','CN_64');
insert into city values('CT_343','Moscow','CN_80');
insert into city values('CT_344','Mosul','CN_47');
insert into city values('CT_345','Mukateve','CN_100');
insert into city values('CT_346','Munger','CN_44');
insert into city values('CT_347','Mwanza','CN_93');
insert into city values('CT_348','Mwene-Ditu','CN_25');
insert into city values('CT_349','Myingyan','CN_64');
insert into city values('CT_350','Mysore','CN_44');
insert into city values('CT_351','Naala-Porto','CN_63');
insert into city values('CT_352','Nabereznyje Telny','CN_80');
insert into city values('CT_353','Nador','CN_62');
insert into city values('CT_354','Nagaon','CN_44');
insert into city values('CT_355','Nagareyama','CN_50');
insert into city values('CT_356','Najafabad','CN_46');
insert into city values('CT_357','Naju','CN_86');
insert into city values('CT_358','Nakhon Sawan','CN_94');
insert into city values('CT_359','Nam Dinh','CN_105');
insert into city values('CT_360','Namibe','CN_4');
insert into city values('CT_361','Nantou','CN_92');
insert into city values('CT_362','Nanyang','CN_23');
insert into city values('CT_363','NDjamna','CN_21');
insert into city values('CT_364','Newcastle','CN_85');
insert into city values('CT_365','Nezahualcyotl','CN_60');
insert into city values('CT_366','Nha Trang','CN_105');
insert into city values('CT_367','Niznekamsk','CN_80');
insert into city values('CT_368','Novi Sad','CN_108');
insert into city values('CT_369','Novoterkassk','CN_80');
insert into city values('CT_370','Nukualofa','CN_95');
insert into city values('CT_371','Nuuk','CN_40');
insert into city values('CT_372','Nyeri','CN_52');
insert into city values('CT_373','Ocumare del Tuy','CN_104');
insert into city values('CT_374','Ogbomosho','CN_69');
insert into city values('CT_375','Okara','CN_72');
insert into city values('CT_376','Okayama','CN_50');
insert into city values('CT_377','Okinawa','CN_50');
insert into city values('CT_378','Olomouc','CN_26');
insert into city values('CT_379','Omdurman','CN_89');
insert into city values('CT_380','Omiya','CN_50');
insert into city values('CT_381','Ondo','CN_69');
insert into city values('CT_382','Onomichi','CN_50');
insert into city values('CT_383','Oshawa','CN_20');
insert into city values('CT_384','Osmaniye','CN_97');
insert into city values('CT_385','ostka','CN_100');
insert into city values('CT_386','Otsu','CN_50');
insert into city values('CT_387','Oulu','CN_33');
insert into city values('CT_388','Ourense','CN_87');
insert into city values('CT_389','Owo','CN_69');
insert into city values('CT_390','Oyo','CN_69');
insert into city values('CT_391','Ozamis','CN_75');
insert into city values('CT_392','Paarl','CN_85');
insert into city values('CT_393','Pachuca de Soto','CN_60');
insert into city values('CT_394','Pak Kret','CN_94');
insert into city values('CT_395','Palghat','CN_44');
insert into city values('CT_396','Pangkal Pinang','CN_45');
insert into city values('CT_397','Papeete','CN_36');
insert into city values('CT_398','Parbhani','CN_44');
insert into city values('CT_399','Pathankot','CN_44');
insert into city values('CT_400','Patiala','CN_44');
insert into city values('CT_401','Patras','CN_39');
insert into city values('CT_402','Pavlodar','CN_51');
insert into city values('CT_403','Pemalang','CN_45');
insert into city values('CT_404','Peoria','CN_103');
insert into city values('CT_405','Pereira','CN_24');
insert into city values('CT_406','Phnom Penh','CN_18');
insert into city values('CT_407','Pingxiang','CN_23');
insert into city values('CT_408','Pjatigorsk','CN_80');
insert into city values('CT_409','Plock','CN_76');
insert into city values('CT_410','Po','CN_15');
insert into city values('CT_411','Ponce','CN_77');
insert into city values('CT_412','Pontianak','CN_45');
insert into city values('CT_413','Poos de Caldas','CN_15');
insert into city values('CT_414','Portoviejo','CN_28');
insert into city values('CT_415','Probolinggo','CN_45');
insert into city values('CT_416','Pudukkottai','CN_44');
insert into city values('CT_417','Pune','CN_44');
insert into city values('CT_418','Purnea (Purnia)','CN_44');
insert into city values('CT_419','Purwakarta','CN_45');
insert into city values('CT_420','Pyongyang','CN_70');
insert into city values('CT_421','Qalyub','CN_29');
insert into city values('CT_422','Qinhuangdao','CN_23');
insert into city values('CT_423','Qomsheh','CN_46');
insert into city values('CT_424','Quilmes','CN_6');
insert into city values('CT_425','Rae Bareli','CN_44');
insert into city values('CT_426','Rajkot','CN_44');
insert into city values('CT_427','Rampur','CN_44');
insert into city values('CT_428','Rancagua','CN_22');
insert into city values('CT_429','Ranchi','CN_44');
insert into city values('CT_430','Richmond Hill','CN_20');
insert into city values('CT_431','Rio Claro','CN_15');
insert into city values('CT_432','Rizhao','CN_23');
insert into city values('CT_433','Roanoke','CN_103');
insert into city values('CT_434','Robamba','CN_28');
insert into city values('CT_435','Rockford','CN_103');
insert into city values('CT_436','Ruse','CN_17');
insert into city values('CT_437','Rustenburg','CN_85');
insert into city values('CT_438','s-Hertogenbosch','CN_67');
insert into city values('CT_439','Saarbrcken','CN_38');
insert into city values('CT_440','Sagamihara','CN_50');
insert into city values('CT_441','Saint Louis','CN_103');
insert into city values('CT_442','Saint-Denis','CN_79');
insert into city values('CT_443','Sal','CN_62');
insert into city values('CT_444','Salala','CN_71');
insert into city values('CT_445','Salamanca','CN_60');
insert into city values('CT_446','Salinas','CN_103');
insert into city values('CT_447','Salzburg','CN_9');
insert into city values('CT_448','Sambhal','CN_44');
insert into city values('CT_449','San Bernardino','CN_103');
insert into city values('CT_450','San Felipe de Puerto Plata','CN_27');
insert into city values('CT_451','San Felipe del Progreso','CN_60');
insert into city values('CT_452','San Juan Bautista Tuxtepec','CN_60');
insert into city values('CT_453','San Lorenzo','CN_73');
insert into city values('CT_454','San Miguel de Tucumn','CN_6');
insert into city values('CT_455','Sanaa','CN_107');
insert into city values('CT_456','Santa Brbara dOeste','CN_15');
insert into city values('CT_457','Santa F','CN_6');
insert into city values('CT_458','Santa Rosa','CN_75');
insert into city values('CT_459','Santiago de Compostela','CN_87');
insert into city values('CT_460','Santiago de los Caballeros','CN_27');
insert into city values('CT_461','Santo Andr','CN_15');
insert into city values('CT_462','Sanya','CN_23');
insert into city values('CT_463','Sasebo','CN_50');
insert into city values('CT_464','Satna','CN_44');
insert into city values('CT_465','Sawhaj','CN_29');
insert into city values('CT_466','Serpuhov','CN_80');
insert into city values('CT_467','Shahr-e Kord','CN_46');
insert into city values('CT_468','Shanwei','CN_23');
insert into city values('CT_469','Shaoguan','CN_23');
insert into city values('CT_470','Sharja','CN_101');
insert into city values('CT_471','Shenzhen','CN_23');
insert into city values('CT_472','Shikarpur','CN_72');
insert into city values('CT_473','Shimoga','CN_44');
insert into city values('CT_474','Shimonoseki','CN_50');
insert into city values('CT_475','Shivapuri','CN_44');
insert into city values('CT_476','Shubra al-Khayma','CN_29');
insert into city values('CT_477','Siegen','CN_38');
insert into city values('CT_478','Siliguri','CN_44');
insert into city values('CT_479','Simferopol','CN_100');
insert into city values('CT_480','Sincelejo','CN_24');
insert into city values('CT_481','Sirjan','CN_46');
insert into city values('CT_482','Sivas','CN_97');
insert into city values('CT_483','Skikda','CN_2');
insert into city values('CT_484','Smolensk','CN_80');
insert into city values('CT_485','So Bernardo do Campo','CN_15');
insert into city values('CT_486','So Leopoldo','CN_15');
insert into city values('CT_487','Sogamoso','CN_24');
insert into city values('CT_488','Sokoto','CN_69');
insert into city values('CT_489','Songkhla','CN_94');
insert into city values('CT_490','Sorocaba','CN_15');
insert into city values('CT_491','Soshanguve','CN_85');
insert into city values('CT_492','Sousse','CN_96');
insert into city values('CT_493','South Hill','CN_5');
insert into city values('CT_494','Southampton','CN_102');
insert into city values('CT_495','Southend-on-Sea','CN_102');
insert into city values('CT_496','Southport','CN_102');
insert into city values('CT_497','Springs','CN_85');
insert into city values('CT_498','Stara Zagora','CN_17');
insert into city values('CT_499','Sterling Heights','CN_103');
insert into city values('CT_500','Stockport','CN_102');
insert into city values('CT_501','Sucre','CN_14');
insert into city values('CT_502','Suihua','CN_23');
insert into city values('CT_503','Sullana','CN_74');
insert into city values('CT_504','Sultanbeyli','CN_97');
insert into city values('CT_505','Sumqayit','CN_10');
insert into city values('CT_506','Sumy','CN_100');
insert into city values('CT_507','Sungai Petani','CN_59');
insert into city values('CT_508','Sunnyvale','CN_103');
insert into city values('CT_509','Surakarta','CN_45');
insert into city values('CT_510','Syktyvkar','CN_80');
insert into city values('CT_511','Syrakusa','CN_49');
insert into city values('CT_512','Szkesfehrvr','CN_43');
insert into city values('CT_513','Tabora','CN_93');
insert into city values('CT_514','Tabriz','CN_46');
insert into city values('CT_515','Tabuk','CN_82');
insert into city values('CT_516','Tafuna','CN_3');
insert into city values('CT_517','Taguig','CN_75');
insert into city values('CT_518','Taizz','CN_107');
insert into city values('CT_519','Talavera','CN_75');
insert into city values('CT_520','Tallahassee','CN_103');
insert into city values('CT_521','Tama','CN_50');
insert into city values('CT_522','Tambaram','CN_44');
insert into city values('CT_523','Tanauan','CN_75');
insert into city values('CT_524','Tandil','CN_6');
insert into city values('CT_525','Tangail','CN_12');
insert into city values('CT_526','Tanshui','CN_92');
insert into city values('CT_527','Tanza','CN_75');
insert into city values('CT_528','Tarlac','CN_75');
insert into city values('CT_529','Tarsus','CN_97');
insert into city values('CT_530','Tartu','CN_30');
insert into city values('CT_531','Teboksary','CN_80');
insert into city values('CT_532','Tegal','CN_45');
insert into city values('CT_533','Tel Aviv-Jaffa','CN_48');
insert into city values('CT_534','Tete','CN_63');
insert into city values('CT_535','Tianjin','CN_23');
insert into city values('CT_536','Tiefa','CN_23');
insert into city values('CT_537','Tieli','CN_23');
insert into city values('CT_538','Tokat','CN_97');
insert into city values('CT_539','Tonghae','CN_86');
insert into city values('CT_540','Tongliao','CN_23');
insert into city values('CT_541','Torren','CN_60');
insert into city values('CT_542','Touliu','CN_92');
insert into city values('CT_543','Toulon','CN_34');
insert into city values('CT_544','Toulouse','CN_34');
insert into city values('CT_545','Trshavn','CN_32');
insert into city values('CT_546','Tsaotun','CN_92');
insert into city values('CT_547','Tsuyama','CN_50');
insert into city values('CT_548','Tuguegarao','CN_75');
insert into city values('CT_549','Tychy','CN_76');
insert into city values('CT_550','Udaipur','CN_44');
insert into city values('CT_551','Udine','CN_49');
insert into city values('CT_552','Ueda','CN_50');
insert into city values('CT_553','Uijongbu','CN_86');
insert into city values('CT_554','Uluberia','CN_44');
insert into city values('CT_555','Urawa','CN_50');
insert into city values('CT_556','Uruapan','CN_60');
insert into city values('CT_557','Usak','CN_97');
insert into city values('CT_558','Usolje-Sibirskoje','CN_80');
insert into city values('CT_559','Uttarpara-Kotrung','CN_44');
insert into city values('CT_560','Vaduz','CN_55');
insert into city values('CT_561','Valencia','CN_104');
insert into city values('CT_562','Valle de la Pascua','CN_104');
insert into city values('CT_563','Valle de Santiago','CN_60');
insert into city values('CT_564','Valparai','CN_44');
insert into city values('CT_565','Vancouver','CN_20');
insert into city values('CT_566','Varanasi','CN_44');
insert into city values('CT_567','Vicente Lpez','CN_6');
insert into city values('CT_568','Vijayawada','CN_44');
insert into city values('CT_569','Vila Velha','CN_15');
insert into city values('CT_570','Vilnius','CN_56');
insert into city values('CT_571','Vinh','CN_105');
insert into city values('CT_572','Vitria de Santo Anto','CN_15');
insert into city values('CT_573','Warren','CN_103');
insert into city values('CT_574','Weifang','CN_23');
insert into city values('CT_575','Witten','CN_38');
insert into city values('CT_576','Woodridge','CN_8');
insert into city values('CT_577','Wroclaw','CN_76');
insert into city values('CT_578','Xiangfan','CN_23');
insert into city values('CT_579','Xiangtan','CN_23');
insert into city values('CT_580','Xintai','CN_23');
insert into city values('CT_581','Xinxiang','CN_23');
insert into city values('CT_582','Yamuna Nagar','CN_44');
insert into city values('CT_583','Yangor','CN_65');
insert into city values('CT_584','Yantai','CN_23');
insert into city values('CT_585','Yaound','CN_19');
insert into city values('CT_586','Yerevan','CN_7');
insert into city values('CT_587','Yinchuan','CN_23');
insert into city values('CT_588','Yingkou','CN_23');
insert into city values('CT_589','York','CN_102');
insert into city values('CT_590','Yuncheng','CN_23');
insert into city values('CT_591','Yuzhou','CN_23');
insert into city values('CT_592','Zalantun','CN_23');
insert into city values('CT_593','Zanzibar','CN_93');
insert into city values('CT_594','Zaoyang','CN_23');
insert into city values('CT_595','Zapopan','CN_60');
insert into city values('CT_596','Zaria','CN_69');
insert into city values('CT_597','Zeleznogorsk','CN_80');
insert into city values('CT_598','Zhezqazghan','CN_51');
insert into city values('CT_599','Zhoushan','CN_23');
insert into city values('CT_600','Ziguinchor','CN_83');





-----------Insert Statement for Country-----------------------------
insert into country values('CN_1','Afghanistan');
insert into country values('CN_2','Algeria');
insert into country values('CN_3','American Samoa');
insert into country values('CN_4','Angola');
insert into country values('CN_5','Anguilla');
insert into country values('CN_6','Argentina');
insert into country values('CN_7','Armenia');
insert into country values('CN_8','Australia');
insert into country values('CN_9','Austria');
insert into country values('CN_10','Azerbaijan');
insert into country values('CN_11','Bahrain');
insert into country values('CN_12','Bangladesh');
insert into country values('CN_13','Belarus');
insert into country values('CN_14','Bolivia');
insert into country values('CN_15','Brazil');
insert into country values('CN_16','Brunei');
insert into country values('CN_17','Bulgaria');
insert into country values('CN_18','Cambodia');
insert into country values('CN_19','Cameroon');
insert into country values('CN_20','Canada');
insert into country values('CN_21','Chad');
insert into country values('CN_22','Chile');
insert into country values('CN_23','China');
insert into country values('CN_24','Colombia');
insert into country values('CN_25','Congo, The Democratic Republic of the');
insert into country values('CN_26','Czech Republic');
insert into country values('CN_27','Dominican Republic');
insert into country values('CN_28','Ecuador');
insert into country values('CN_29','Egypt');
insert into country values('CN_30','Estonia');
insert into country values('CN_31','Ethiopia');
insert into country values('CN_32','Faroe Islands');
insert into country values('CN_33','Finland');
insert into country values('CN_34','France');
insert into country values('CN_35','French Guiana');
insert into country values('CN_36','French Polynesia');
insert into country values('CN_37','Gambia');
insert into country values('CN_38','Germany');
insert into country values('CN_39','Greece');
insert into country values('CN_40','Greenland');
insert into country values('CN_41','Holy See (Vatican City State)');
insert into country values('CN_42','Hong Kong');
insert into country values('CN_43','Hungary');
insert into country values('CN_44','India');
insert into country values('CN_45','Indonesia');
insert into country values('CN_46','Iran');
insert into country values('CN_47','Iraq');
insert into country values('CN_48','Israel');
insert into country values('CN_49','Italy');
insert into country values('CN_50','Japan');
insert into country values('CN_51','Kazakstan');
insert into country values('CN_52','Kenya');
insert into country values('CN_53','Kuwait');
insert into country values('CN_54','Latvia');
insert into country values('CN_55','Liechtenstein');
insert into country values('CN_56','Lithuania');
insert into country values('CN_57','Madagascar');
insert into country values('CN_58','Malawi');
insert into country values('CN_59','Malaysia');
insert into country values('CN_60','Mexico');
insert into country values('CN_61','Moldova');
insert into country values('CN_62','Morocco');
insert into country values('CN_63','Mozambique');
insert into country values('CN_64','Myanmar');
insert into country values('CN_65','Nauru');
insert into country values('CN_66','Nepal');
insert into country values('CN_67','Netherlands');
insert into country values('CN_68','New Zealand');
insert into country values('CN_69','Nigeria');
insert into country values('CN_70','North Korea');
insert into country values('CN_71','Oman');
insert into country values('CN_72','Pakistan');
insert into country values('CN_73','Paraguay');
insert into country values('CN_74','Peru');
insert into country values('CN_75','Philippines');
insert into country values('CN_76','Poland');
insert into country values('CN_77','Puerto Rico');
insert into country values('CN_78','Romania');
insert into country values('CN_79','Runion');
insert into country values('CN_80','Russian Federation');
insert into country values('CN_81','Saint Vincent and the Grenadines');
insert into country values('CN_82','Saudi Arabia');
insert into country values('CN_83','Senegal');
insert into country values('CN_84','Slovakia');
insert into country values('CN_85','South Africa');
insert into country values('CN_86','South Korea');
insert into country values('CN_87','Spain');
insert into country values('CN_88','Sri Lanka');
insert into country values('CN_89','Sudan');
insert into country values('CN_90','Sweden');
insert into country values('CN_91','Switzerland');
insert into country values('CN_92','Taiwan');
insert into country values('CN_93','Tanzania');
insert into country values('CN_94','Thailand');
insert into country values('CN_95','Tonga');
insert into country values('CN_96','Tunisia');
insert into country values('CN_97','Turkey');
insert into country values('CN_98','Turkmenistan');
insert into country values('CN_99','Tuvalu');
insert into country values('CN_100','Ukraine');
insert into country values('CN_101','United Arab Emirates');
insert into country values('CN_102','United Kingdom');
insert into country values('CN_103','United States');
insert into country values('CN_104','Venezuela');
insert into country values('CN_105','Vietnam');
insert into country values('CN_106','Virgin Islands, U.S.');
insert into country values('CN_107','Yemen');
insert into country values('CN_108','Yugoslavia');
insert into country values('CN_109','Zambia');

-------------Commit----------
commit;